img_path,json_path,label
cancer_data/0/slide_000.jpg,cancer_data/0/slide_000.json,0
cancer_data/0/slide_001.jpg,cancer_data/0/slide_001.json,0
cancer_data/0/slide_002.jpg,cancer_data/0/slide_002.json,0
cancer_data/0/slide_003.jpg,cancer_data/0/slide_003.json,0
cancer_data/0/slide_004.jpg,cancer_data/0/slide_004.json,0
cancer_data/0/slide_005.jpg,cancer_data/0/slide_005.json,0
cancer_data/0/slide_006.jpg,cancer_data/0/slide_006.json,0
cancer_data/0/slide_007.jpg,cancer_data/0/slide_007.json,0
cancer_data/0/slide_008.jpg,cancer_data/0/slide_008.json,0
cancer_data/0/slide_009.jpg,cancer_data/0/slide_009.json,0
cancer_data/0/slide_010.jpg,cancer_data/0/slide_010.json,0
cancer_data/0/slide_011.jpg,cancer_data/0/slide_011.json,0
cancer_data/0/slide_012.jpg,cancer_data/0/slide_012.json,0
cancer_data/0/slide_013.jpg,cancer_data/0/slide_013.json,0
cancer_data/0/slide_014.jpg,cancer_data/0/slide_014.json,0
cancer_data/0/slide_015.jpg,cancer_data/0/slide_015.json,0
cancer_data/0/slide_016.jpg,cancer_data/0/slide_016.json,0
cancer_data/0/slide_017.jpg,cancer_data/0/slide_017.json,0
cancer_data/0/slide_018.jpg,cancer_data/0/slide_018.json,0
cancer_data/0/slide_019.jpg,cancer_data/0/slide_019.json,0
cancer_data/0/slide_020.jpg,cancer_data/0/slide_020.json,0
cancer_data/0/slide_021.jpg,cancer_data/0/slide_021.json,0
cancer_data/0/slide_022.jpg,cancer_data/0/slide_022.json,0
cancer_data/0/slide_023.jpg,cancer_data/0/slide_023.json,0
cancer_data/0/slide_024.jpg,cancer_data/0/slide_024.json,0
cancer_data/0/slide_025.jpg,cancer_data/0/slide_025.json,0
cancer_data/0/slide_026.jpg,cancer_data/0/slide_026.json,0
cancer_data/0/slide_027.jpg,cancer_data/0/slide_027.json,0
cancer_data/0/slide_028.jpg,cancer_data/0/slide_028.json,0
cancer_data/0/slide_029.jpg,cancer_data/0/slide_029.json,0
cancer_data/0/slide_030.jpg,cancer_data/0/slide_030.json,0
cancer_data/0/slide_031.jpg,cancer_data/0/slide_031.json,0
cancer_data/0/slide_032.jpg,cancer_data/0/slide_032.json,0
cancer_data/0/slide_033.jpg,cancer_data/0/slide_033.json,0
cancer_data/0/slide_034.jpg,cancer_data/0/slide_034.json,0
cancer_data/0/slide_035.jpg,cancer_data/0/slide_035.json,0
cancer_data/0/slide_036.jpg,cancer_data/0/slide_036.json,0
cancer_data/0/slide_037.jpg,cancer_data/0/slide_037.json,0
cancer_data/0/slide_038.jpg,cancer_data/0/slide_038.json,0
cancer_data/0/slide_039.jpg,cancer_data/0/slide_039.json,0
cancer_data/0/slide_040.jpg,cancer_data/0/slide_040.json,0
cancer_data/0/slide_041.jpg,cancer_data/0/slide_041.json,0
cancer_data/0/slide_042.jpg,cancer_data/0/slide_042.json,0
cancer_data/0/slide_043.jpg,cancer_data/0/slide_043.json,0
cancer_data/0/slide_044.jpg,cancer_data/0/slide_044.json,0
cancer_data/0/slide_045.jpg,cancer_data/0/slide_045.json,0
cancer_data/0/slide_046.jpg,cancer_data/0/slide_046.json,0
cancer_data/0/slide_047.jpg,cancer_data/0/slide_047.json,0
cancer_data/0/slide_048.jpg,cancer_data/0/slide_048.json,0
cancer_data/0/slide_049.jpg,cancer_data/0/slide_049.json,0
cancer_data/0/slide_050.jpg,cancer_data/0/slide_050.json,0
cancer_data/0/slide_051.jpg,cancer_data/0/slide_051.json,0
cancer_data/0/slide_052.jpg,cancer_data/0/slide_052.json,0
cancer_data/0/slide_053.jpg,cancer_data/0/slide_053.json,0
cancer_data/0/slide_054.jpg,cancer_data/0/slide_054.json,0
cancer_data/0/slide_055.jpg,cancer_data/0/slide_055.json,0
cancer_data/0/slide_056.jpg,cancer_data/0/slide_056.json,0
cancer_data/0/slide_057.jpg,cancer_data/0/slide_057.json,0
cancer_data/0/slide_058.jpg,cancer_data/0/slide_058.json,0
cancer_data/0/slide_059.jpg,cancer_data/0/slide_059.json,0
cancer_data/0/slide_060.jpg,cancer_data/0/slide_060.json,0
cancer_data/0/slide_061.jpg,cancer_data/0/slide_061.json,0
cancer_data/0/slide_062.jpg,cancer_data/0/slide_062.json,0
cancer_data/0/slide_063.jpg,cancer_data/0/slide_063.json,0
cancer_data/0/slide_064.jpg,cancer_data/0/slide_064.json,0
cancer_data/0/slide_065.jpg,cancer_data/0/slide_065.json,0
cancer_data/0/slide_066.jpg,cancer_data/0/slide_066.json,0
cancer_data/0/slide_067.jpg,cancer_data/0/slide_067.json,0
cancer_data/0/slide_068.jpg,cancer_data/0/slide_068.json,0
cancer_data/0/slide_069.jpg,cancer_data/0/slide_069.json,0
cancer_data/0/slide_070.jpg,cancer_data/0/slide_070.json,0
cancer_data/0/slide_071.jpg,cancer_data/0/slide_071.json,0
cancer_data/0/slide_072.jpg,cancer_data/0/slide_072.json,0
cancer_data/0/slide_073.jpg,cancer_data/0/slide_073.json,0
cancer_data/0/slide_074.jpg,cancer_data/0/slide_074.json,0
cancer_data/0/slide_075.jpg,cancer_data/0/slide_075.json,0
cancer_data/0/slide_076.jpg,cancer_data/0/slide_076.json,0
cancer_data/0/slide_077.jpg,cancer_data/0/slide_077.json,0
cancer_data/0/slide_078.jpg,cancer_data/0/slide_078.json,0
cancer_data/0/slide_079.jpg,cancer_data/0/slide_079.json,0
cancer_data/0/slide_080.jpg,cancer_data/0/slide_080.json,0
cancer_data/0/slide_081.jpg,cancer_data/0/slide_081.json,0
cancer_data/0/slide_082.jpg,cancer_data/0/slide_082.json,0
cancer_data/0/slide_083.jpg,cancer_data/0/slide_083.json,0
cancer_data/0/slide_084.jpg,cancer_data/0/slide_084.json,0
cancer_data/0/slide_085.jpg,cancer_data/0/slide_085.json,0
cancer_data/0/slide_086.jpg,cancer_data/0/slide_086.json,0
cancer_data/0/slide_087.jpg,cancer_data/0/slide_087.json,0
cancer_data/0/slide_088.jpg,cancer_data/0/slide_088.json,0
cancer_data/0/slide_089.jpg,cancer_data/0/slide_089.json,0
cancer_data/0/slide_090.jpg,cancer_data/0/slide_090.json,0
cancer_data/0/slide_091.jpg,cancer_data/0/slide_091.json,0
cancer_data/0/slide_092.jpg,cancer_data/0/slide_092.json,0
cancer_data/0/slide_093.jpg,cancer_data/0/slide_093.json,0
cancer_data/0/slide_094.jpg,cancer_data/0/slide_094.json,0
cancer_data/0/slide_095.jpg,cancer_data/0/slide_095.json,0
cancer_data/0/slide_096.jpg,cancer_data/0/slide_096.json,0
cancer_data/0/slide_097.jpg,cancer_data/0/slide_097.json,0
cancer_data/0/slide_098.jpg,cancer_data/0/slide_098.json,0
cancer_data/0/slide_099.jpg,cancer_data/0/slide_099.json,0
cancer_data/0/slide_100.jpg,cancer_data/0/slide_100.json,0
cancer_data/0/slide_101.jpg,cancer_data/0/slide_101.json,0
cancer_data/0/slide_102.jpg,cancer_data/0/slide_102.json,0
cancer_data/0/slide_103.jpg,cancer_data/0/slide_103.json,0
cancer_data/0/slide_104.jpg,cancer_data/0/slide_104.json,0
cancer_data/0/slide_105.jpg,cancer_data/0/slide_105.json,0
cancer_data/0/slide_106.jpg,cancer_data/0/slide_106.json,0
cancer_data/0/slide_107.jpg,cancer_data/0/slide_107.json,0
cancer_data/0/slide_108.jpg,cancer_data/0/slide_108.json,0
cancer_data/0/slide_109.jpg,cancer_data/0/slide_109.json,0
cancer_data/0/slide_110.jpg,cancer_data/0/slide_110.json,0
cancer_data/0/slide_111.jpg,cancer_data/0/slide_111.json,0
cancer_data/0/slide_112.jpg,cancer_data/0/slide_112.json,0
cancer_data/0/slide_113.jpg,cancer_data/0/slide_113.json,0
cancer_data/0/slide_114.jpg,cancer_data/0/slide_114.json,0
cancer_data/0/slide_115.jpg,cancer_data/0/slide_115.json,0
cancer_data/0/slide_116.jpg,cancer_data/0/slide_116.json,0
cancer_data/0/slide_117.jpg,cancer_data/0/slide_117.json,0
cancer_data/0/slide_118.jpg,cancer_data/0/slide_118.json,0
cancer_data/0/slide_119.jpg,cancer_data/0/slide_119.json,0
cancer_data/0/slide_120.jpg,cancer_data/0/slide_120.json,0
cancer_data/0/slide_121.jpg,cancer_data/0/slide_121.json,0
cancer_data/0/slide_122.jpg,cancer_data/0/slide_122.json,0
cancer_data/0/slide_123.jpg,cancer_data/0/slide_123.json,0
cancer_data/0/slide_124.jpg,cancer_data/0/slide_124.json,0
cancer_data/0/slide_125.jpg,cancer_data/0/slide_125.json,0
cancer_data/0/slide_126.jpg,cancer_data/0/slide_126.json,0
cancer_data/0/slide_127.jpg,cancer_data/0/slide_127.json,0
cancer_data/0/slide_128.jpg,cancer_data/0/slide_128.json,0
cancer_data/0/slide_129.jpg,cancer_data/0/slide_129.json,0
cancer_data/0/slide_130.jpg,cancer_data/0/slide_130.json,0
cancer_data/0/slide_131.jpg,cancer_data/0/slide_131.json,0
cancer_data/0/slide_132.jpg,cancer_data/0/slide_132.json,0
cancer_data/0/slide_133.jpg,cancer_data/0/slide_133.json,0
cancer_data/0/slide_134.jpg,cancer_data/0/slide_134.json,0
cancer_data/0/slide_135.jpg,cancer_data/0/slide_135.json,0
cancer_data/0/slide_136.jpg,cancer_data/0/slide_136.json,0
cancer_data/0/slide_137.jpg,cancer_data/0/slide_137.json,0
cancer_data/0/slide_138.jpg,cancer_data/0/slide_138.json,0
cancer_data/0/slide_139.jpg,cancer_data/0/slide_139.json,0
cancer_data/0/slide_140.jpg,cancer_data/0/slide_140.json,0
cancer_data/0/slide_141.jpg,cancer_data/0/slide_141.json,0
cancer_data/0/slide_142.jpg,cancer_data/0/slide_142.json,0
cancer_data/0/slide_143.jpg,cancer_data/0/slide_143.json,0
cancer_data/0/slide_144.jpg,cancer_data/0/slide_144.json,0
cancer_data/0/slide_145.jpg,cancer_data/0/slide_145.json,0
cancer_data/0/slide_146.jpg,cancer_data/0/slide_146.json,0
cancer_data/0/slide_147.jpg,cancer_data/0/slide_147.json,0
cancer_data/0/slide_148.jpg,cancer_data/0/slide_148.json,0
cancer_data/0/slide_149.jpg,cancer_data/0/slide_149.json,0
cancer_data/0/slide_150.jpg,cancer_data/0/slide_150.json,0
cancer_data/0/slide_151.jpg,cancer_data/0/slide_151.json,0
cancer_data/0/slide_152.jpg,cancer_data/0/slide_152.json,0
cancer_data/0/slide_153.jpg,cancer_data/0/slide_153.json,0
cancer_data/0/slide_154.jpg,cancer_data/0/slide_154.json,0
cancer_data/0/slide_155.jpg,cancer_data/0/slide_155.json,0
cancer_data/0/slide_156.jpg,cancer_data/0/slide_156.json,0
cancer_data/0/slide_157.jpg,cancer_data/0/slide_157.json,0
cancer_data/0/slide_158.jpg,cancer_data/0/slide_158.json,0
cancer_data/0/slide_159.jpg,cancer_data/0/slide_159.json,0
cancer_data/0/slide_160.jpg,cancer_data/0/slide_160.json,0
cancer_data/0/slide_161.jpg,cancer_data/0/slide_161.json,0
cancer_data/0/slide_162.jpg,cancer_data/0/slide_162.json,0
cancer_data/0/slide_163.jpg,cancer_data/0/slide_163.json,0
cancer_data/0/slide_164.jpg,cancer_data/0/slide_164.json,0
cancer_data/0/slide_165.jpg,cancer_data/0/slide_165.json,0
cancer_data/0/slide_166.jpg,cancer_data/0/slide_166.json,0
cancer_data/0/slide_167.jpg,cancer_data/0/slide_167.json,0
cancer_data/0/slide_168.jpg,cancer_data/0/slide_168.json,0
cancer_data/0/slide_169.jpg,cancer_data/0/slide_169.json,0
cancer_data/0/slide_170.jpg,cancer_data/0/slide_170.json,0
cancer_data/0/slide_171.jpg,cancer_data/0/slide_171.json,0
cancer_data/0/slide_172.jpg,cancer_data/0/slide_172.json,0
cancer_data/0/slide_173.jpg,cancer_data/0/slide_173.json,0
cancer_data/0/slide_174.jpg,cancer_data/0/slide_174.json,0
cancer_data/0/slide_175.jpg,cancer_data/0/slide_175.json,0
cancer_data/0/slide_176.jpg,cancer_data/0/slide_176.json,0
cancer_data/0/slide_177.jpg,cancer_data/0/slide_177.json,0
cancer_data/0/slide_178.jpg,cancer_data/0/slide_178.json,0
cancer_data/0/slide_179.jpg,cancer_data/0/slide_179.json,0
cancer_data/0/slide_180.jpg,cancer_data/0/slide_180.json,0
cancer_data/0/slide_181.jpg,cancer_data/0/slide_181.json,0
cancer_data/0/slide_182.jpg,cancer_data/0/slide_182.json,0
cancer_data/0/slide_183.jpg,cancer_data/0/slide_183.json,0
cancer_data/0/slide_184.jpg,cancer_data/0/slide_184.json,0
cancer_data/0/slide_185.jpg,cancer_data/0/slide_185.json,0
cancer_data/0/slide_186.jpg,cancer_data/0/slide_186.json,0
cancer_data/0/slide_187.jpg,cancer_data/0/slide_187.json,0
cancer_data/0/slide_188.jpg,cancer_data/0/slide_188.json,0
cancer_data/0/slide_189.jpg,cancer_data/0/slide_189.json,0
cancer_data/0/slide_190.jpg,cancer_data/0/slide_190.json,0
cancer_data/0/slide_191.jpg,cancer_data/0/slide_191.json,0
cancer_data/0/slide_192.jpg,cancer_data/0/slide_192.json,0
cancer_data/0/slide_193.jpg,cancer_data/0/slide_193.json,0
cancer_data/0/slide_194.jpg,cancer_data/0/slide_194.json,0
cancer_data/0/slide_195.jpg,cancer_data/0/slide_195.json,0
cancer_data/0/slide_196.jpg,cancer_data/0/slide_196.json,0
cancer_data/0/slide_197.jpg,cancer_data/0/slide_197.json,0
cancer_data/0/slide_198.jpg,cancer_data/0/slide_198.json,0
cancer_data/0/slide_199.jpg,cancer_data/0/slide_199.json,0
cancer_data/0/slide_200.jpg,cancer_data/0/slide_200.json,0
cancer_data/0/slide_201.jpg,cancer_data/0/slide_201.json,0
cancer_data/0/slide_202.jpg,cancer_data/0/slide_202.json,0
cancer_data/0/slide_203.jpg,cancer_data/0/slide_203.json,0
cancer_data/0/slide_204.jpg,cancer_data/0/slide_204.json,0
cancer_data/0/slide_205.jpg,cancer_data/0/slide_205.json,0
cancer_data/0/slide_206.jpg,cancer_data/0/slide_206.json,0
cancer_data/0/slide_207.jpg,cancer_data/0/slide_207.json,0
cancer_data/0/slide_208.jpg,cancer_data/0/slide_208.json,0
cancer_data/0/slide_209.jpg,cancer_data/0/slide_209.json,0
cancer_data/0/slide_210.jpg,cancer_data/0/slide_210.json,0
cancer_data/0/slide_211.jpg,cancer_data/0/slide_211.json,0
cancer_data/0/slide_212.jpg,cancer_data/0/slide_212.json,0
cancer_data/0/slide_213.jpg,cancer_data/0/slide_213.json,0
cancer_data/0/slide_214.jpg,cancer_data/0/slide_214.json,0
cancer_data/0/slide_215.jpg,cancer_data/0/slide_215.json,0
cancer_data/0/slide_216.jpg,cancer_data/0/slide_216.json,0
cancer_data/0/slide_217.jpg,cancer_data/0/slide_217.json,0
cancer_data/0/slide_218.jpg,cancer_data/0/slide_218.json,0
cancer_data/0/slide_219.jpg,cancer_data/0/slide_219.json,0
cancer_data/0/slide_220.jpg,cancer_data/0/slide_220.json,0
cancer_data/0/slide_221.jpg,cancer_data/0/slide_221.json,0
cancer_data/0/slide_222.jpg,cancer_data/0/slide_222.json,0
cancer_data/0/slide_223.jpg,cancer_data/0/slide_223.json,0
cancer_data/0/slide_224.jpg,cancer_data/0/slide_224.json,0
cancer_data/0/slide_225.jpg,cancer_data/0/slide_225.json,0
cancer_data/0/slide_226.jpg,cancer_data/0/slide_226.json,0
cancer_data/0/slide_227.jpg,cancer_data/0/slide_227.json,0
cancer_data/0/slide_228.jpg,cancer_data/0/slide_228.json,0
cancer_data/0/slide_229.jpg,cancer_data/0/slide_229.json,0
cancer_data/0/slide_230.jpg,cancer_data/0/slide_230.json,0
cancer_data/0/slide_231.jpg,cancer_data/0/slide_231.json,0
cancer_data/0/slide_232.jpg,cancer_data/0/slide_232.json,0
cancer_data/0/slide_233.jpg,cancer_data/0/slide_233.json,0
cancer_data/0/slide_234.jpg,cancer_data/0/slide_234.json,0
cancer_data/0/slide_235.jpg,cancer_data/0/slide_235.json,0
cancer_data/0/slide_236.jpg,cancer_data/0/slide_236.json,0
cancer_data/0/slide_237.jpg,cancer_data/0/slide_237.json,0
cancer_data/0/slide_238.jpg,cancer_data/0/slide_238.json,0
cancer_data/0/slide_239.jpg,cancer_data/0/slide_239.json,0
cancer_data/0/slide_240.jpg,cancer_data/0/slide_240.json,0
cancer_data/0/slide_241.jpg,cancer_data/0/slide_241.json,0
cancer_data/0/slide_242.jpg,cancer_data/0/slide_242.json,0
cancer_data/0/slide_243.jpg,cancer_data/0/slide_243.json,0
cancer_data/0/slide_244.jpg,cancer_data/0/slide_244.json,0
cancer_data/0/slide_245.jpg,cancer_data/0/slide_245.json,0
cancer_data/0/slide_246.jpg,cancer_data/0/slide_246.json,0
cancer_data/0/slide_247.jpg,cancer_data/0/slide_247.json,0
cancer_data/0/slide_248.jpg,cancer_data/0/slide_248.json,0
cancer_data/0/slide_249.jpg,cancer_data/0/slide_249.json,0
cancer_data/0/slide_250.jpg,cancer_data/0/slide_250.json,0
cancer_data/0/slide_251.jpg,cancer_data/0/slide_251.json,0
cancer_data/0/slide_252.jpg,cancer_data/0/slide_252.json,0
cancer_data/0/slide_253.jpg,cancer_data/0/slide_253.json,0
cancer_data/0/slide_254.jpg,cancer_data/0/slide_254.json,0
cancer_data/0/slide_255.jpg,cancer_data/0/slide_255.json,0
cancer_data/0/slide_256.jpg,cancer_data/0/slide_256.json,0
cancer_data/0/slide_257.jpg,cancer_data/0/slide_257.json,0
cancer_data/0/slide_258.jpg,cancer_data/0/slide_258.json,0
cancer_data/0/slide_259.jpg,cancer_data/0/slide_259.json,0
cancer_data/0/slide_260.jpg,cancer_data/0/slide_260.json,0
cancer_data/0/slide_261.jpg,cancer_data/0/slide_261.json,0
cancer_data/0/slide_262.jpg,cancer_data/0/slide_262.json,0
cancer_data/0/slide_263.jpg,cancer_data/0/slide_263.json,0
cancer_data/0/slide_264.jpg,cancer_data/0/slide_264.json,0
cancer_data/0/slide_265.jpg,cancer_data/0/slide_265.json,0
cancer_data/0/slide_266.jpg,cancer_data/0/slide_266.json,0
cancer_data/0/slide_267.jpg,cancer_data/0/slide_267.json,0
cancer_data/0/slide_268.jpg,cancer_data/0/slide_268.json,0
cancer_data/0/slide_269.jpg,cancer_data/0/slide_269.json,0
cancer_data/0/slide_270.jpg,cancer_data/0/slide_270.json,0
cancer_data/0/slide_271.jpg,cancer_data/0/slide_271.json,0
cancer_data/0/slide_272.jpg,cancer_data/0/slide_272.json,0
cancer_data/0/slide_273.jpg,cancer_data/0/slide_273.json,0
cancer_data/0/slide_274.jpg,cancer_data/0/slide_274.json,0
cancer_data/0/slide_275.jpg,cancer_data/0/slide_275.json,0
cancer_data/0/slide_276.jpg,cancer_data/0/slide_276.json,0
cancer_data/0/slide_277.jpg,cancer_data/0/slide_277.json,0
cancer_data/0/slide_278.jpg,cancer_data/0/slide_278.json,0
cancer_data/0/slide_279.jpg,cancer_data/0/slide_279.json,0
cancer_data/0/slide_280.jpg,cancer_data/0/slide_280.json,0
cancer_data/0/slide_281.jpg,cancer_data/0/slide_281.json,0
cancer_data/0/slide_282.jpg,cancer_data/0/slide_282.json,0
cancer_data/0/slide_283.jpg,cancer_data/0/slide_283.json,0
cancer_data/0/slide_284.jpg,cancer_data/0/slide_284.json,0
cancer_data/0/slide_285.jpg,cancer_data/0/slide_285.json,0
cancer_data/0/slide_286.jpg,cancer_data/0/slide_286.json,0
cancer_data/0/slide_287.jpg,cancer_data/0/slide_287.json,0
cancer_data/0/slide_288.jpg,cancer_data/0/slide_288.json,0
cancer_data/0/slide_289.jpg,cancer_data/0/slide_289.json,0
cancer_data/0/slide_290.jpg,cancer_data/0/slide_290.json,0
cancer_data/0/slide_291.jpg,cancer_data/0/slide_291.json,0
cancer_data/0/slide_292.jpg,cancer_data/0/slide_292.json,0
cancer_data/0/slide_293.jpg,cancer_data/0/slide_293.json,0
cancer_data/0/slide_294.jpg,cancer_data/0/slide_294.json,0
cancer_data/0/slide_295.jpg,cancer_data/0/slide_295.json,0
cancer_data/0/slide_296.jpg,cancer_data/0/slide_296.json,0
cancer_data/0/slide_297.jpg,cancer_data/0/slide_297.json,0
cancer_data/0/slide_298.jpg,cancer_data/0/slide_298.json,0
cancer_data/0/slide_299.jpg,cancer_data/0/slide_299.json,0
cancer_data/0/slide_300.jpg,cancer_data/0/slide_300.json,0
cancer_data/0/slide_301.jpg,cancer_data/0/slide_301.json,0
cancer_data/0/slide_302.jpg,cancer_data/0/slide_302.json,0
cancer_data/0/slide_303.jpg,cancer_data/0/slide_303.json,0
cancer_data/0/slide_304.jpg,cancer_data/0/slide_304.json,0
cancer_data/0/slide_305.jpg,cancer_data/0/slide_305.json,0
cancer_data/0/slide_306.jpg,cancer_data/0/slide_306.json,0
cancer_data/0/slide_307.jpg,cancer_data/0/slide_307.json,0
cancer_data/0/slide_308.jpg,cancer_data/0/slide_308.json,0
cancer_data/0/slide_309.jpg,cancer_data/0/slide_309.json,0
cancer_data/0/slide_310.jpg,cancer_data/0/slide_310.json,0
cancer_data/0/slide_311.jpg,cancer_data/0/slide_311.json,0
cancer_data/0/slide_312.jpg,cancer_data/0/slide_312.json,0
cancer_data/0/slide_313.jpg,cancer_data/0/slide_313.json,0
cancer_data/0/slide_314.jpg,cancer_data/0/slide_314.json,0
cancer_data/0/slide_315.jpg,cancer_data/0/slide_315.json,0
cancer_data/0/slide_316.jpg,cancer_data/0/slide_316.json,0
cancer_data/0/slide_317.jpg,cancer_data/0/slide_317.json,0
cancer_data/0/slide_318.jpg,cancer_data/0/slide_318.json,0
cancer_data/0/slide_319.jpg,cancer_data/0/slide_319.json,0
cancer_data/0/slide_320.jpg,cancer_data/0/slide_320.json,0
cancer_data/0/slide_321.jpg,cancer_data/0/slide_321.json,0
cancer_data/0/slide_322.jpg,cancer_data/0/slide_322.json,0
cancer_data/0/slide_323.jpg,cancer_data/0/slide_323.json,0
cancer_data/0/slide_324.jpg,cancer_data/0/slide_324.json,0
cancer_data/0/slide_325.jpg,cancer_data/0/slide_325.json,0
cancer_data/0/slide_326.jpg,cancer_data/0/slide_326.json,0
cancer_data/0/slide_327.jpg,cancer_data/0/slide_327.json,0
cancer_data/0/slide_328.jpg,cancer_data/0/slide_328.json,0
cancer_data/0/slide_329.jpg,cancer_data/0/slide_329.json,0
cancer_data/0/slide_330.jpg,cancer_data/0/slide_330.json,0
cancer_data/0/slide_331.jpg,cancer_data/0/slide_331.json,0
cancer_data/0/slide_332.jpg,cancer_data/0/slide_332.json,0
cancer_data/0/slide_333.jpg,cancer_data/0/slide_333.json,0
cancer_data/0/slide_334.jpg,cancer_data/0/slide_334.json,0
cancer_data/0/slide_335.jpg,cancer_data/0/slide_335.json,0
cancer_data/0/slide_336.jpg,cancer_data/0/slide_336.json,0
cancer_data/0/slide_337.jpg,cancer_data/0/slide_337.json,0
cancer_data/0/slide_338.jpg,cancer_data/0/slide_338.json,0
cancer_data/0/slide_339.jpg,cancer_data/0/slide_339.json,0
cancer_data/0/slide_340.jpg,cancer_data/0/slide_340.json,0
cancer_data/0/slide_341.jpg,cancer_data/0/slide_341.json,0
cancer_data/0/slide_342.jpg,cancer_data/0/slide_342.json,0
cancer_data/0/slide_343.jpg,cancer_data/0/slide_343.json,0
cancer_data/0/slide_344.jpg,cancer_data/0/slide_344.json,0
cancer_data/0/slide_345.jpg,cancer_data/0/slide_345.json,0
cancer_data/0/slide_346.jpg,cancer_data/0/slide_346.json,0
cancer_data/0/slide_347.jpg,cancer_data/0/slide_347.json,0
cancer_data/0/slide_348.jpg,cancer_data/0/slide_348.json,0
cancer_data/0/slide_349.jpg,cancer_data/0/slide_349.json,0
cancer_data/0/slide_350.jpg,cancer_data/0/slide_350.json,0
cancer_data/0/slide_351.jpg,cancer_data/0/slide_351.json,0
cancer_data/0/slide_352.jpg,cancer_data/0/slide_352.json,0
cancer_data/0/slide_353.jpg,cancer_data/0/slide_353.json,0
cancer_data/0/slide_354.jpg,cancer_data/0/slide_354.json,0
cancer_data/0/slide_355.jpg,cancer_data/0/slide_355.json,0
cancer_data/0/slide_356.jpg,cancer_data/0/slide_356.json,0
cancer_data/0/slide_357.jpg,cancer_data/0/slide_357.json,0
cancer_data/0/slide_358.jpg,cancer_data/0/slide_358.json,0
cancer_data/0/slide_359.jpg,cancer_data/0/slide_359.json,0
cancer_data/0/slide_360.jpg,cancer_data/0/slide_360.json,0
cancer_data/0/slide_361.jpg,cancer_data/0/slide_361.json,0
cancer_data/0/slide_362.jpg,cancer_data/0/slide_362.json,0
cancer_data/0/slide_363.jpg,cancer_data/0/slide_363.json,0
cancer_data/0/slide_364.jpg,cancer_data/0/slide_364.json,0
cancer_data/0/slide_365.jpg,cancer_data/0/slide_365.json,0
cancer_data/0/slide_366.jpg,cancer_data/0/slide_366.json,0
cancer_data/0/slide_367.jpg,cancer_data/0/slide_367.json,0
cancer_data/0/slide_368.jpg,cancer_data/0/slide_368.json,0
cancer_data/0/slide_369.jpg,cancer_data/0/slide_369.json,0
cancer_data/0/slide_370.jpg,cancer_data/0/slide_370.json,0
cancer_data/0/slide_371.jpg,cancer_data/0/slide_371.json,0
cancer_data/0/slide_372.jpg,cancer_data/0/slide_372.json,0
cancer_data/0/slide_373.jpg,cancer_data/0/slide_373.json,0
cancer_data/0/slide_374.jpg,cancer_data/0/slide_374.json,0
cancer_data/0/slide_375.jpg,cancer_data/0/slide_375.json,0
cancer_data/0/slide_376.jpg,cancer_data/0/slide_376.json,0
cancer_data/0/slide_377.jpg,cancer_data/0/slide_377.json,0
cancer_data/0/slide_378.jpg,cancer_data/0/slide_378.json,0
cancer_data/0/slide_379.jpg,cancer_data/0/slide_379.json,0
cancer_data/0/slide_380.jpg,cancer_data/0/slide_380.json,0
cancer_data/0/slide_381.jpg,cancer_data/0/slide_381.json,0
cancer_data/0/slide_382.jpg,cancer_data/0/slide_382.json,0
cancer_data/0/slide_383.jpg,cancer_data/0/slide_383.json,0
cancer_data/0/slide_384.jpg,cancer_data/0/slide_384.json,0
cancer_data/0/slide_385.jpg,cancer_data/0/slide_385.json,0
cancer_data/0/slide_386.jpg,cancer_data/0/slide_386.json,0
cancer_data/0/slide_387.jpg,cancer_data/0/slide_387.json,0
cancer_data/0/slide_388.jpg,cancer_data/0/slide_388.json,0
cancer_data/0/slide_389.jpg,cancer_data/0/slide_389.json,0
cancer_data/0/slide_390.jpg,cancer_data/0/slide_390.json,0
cancer_data/0/slide_391.jpg,cancer_data/0/slide_391.json,0
cancer_data/0/slide_392.jpg,cancer_data/0/slide_392.json,0
cancer_data/0/slide_393.jpg,cancer_data/0/slide_393.json,0
cancer_data/0/slide_394.jpg,cancer_data/0/slide_394.json,0
cancer_data/0/slide_395.jpg,cancer_data/0/slide_395.json,0
cancer_data/0/slide_396.jpg,cancer_data/0/slide_396.json,0
cancer_data/0/slide_397.jpg,cancer_data/0/slide_397.json,0
cancer_data/0/slide_398.jpg,cancer_data/0/slide_398.json,0
cancer_data/0/slide_399.jpg,cancer_data/0/slide_399.json,0
cancer_data/0/slide_400.jpg,cancer_data/0/slide_400.json,0
cancer_data/0/slide_401.jpg,cancer_data/0/slide_401.json,0
cancer_data/0/slide_402.jpg,cancer_data/0/slide_402.json,0
cancer_data/0/slide_403.jpg,cancer_data/0/slide_403.json,0
cancer_data/0/slide_404.jpg,cancer_data/0/slide_404.json,0
cancer_data/0/slide_405.jpg,cancer_data/0/slide_405.json,0
cancer_data/0/slide_406.jpg,cancer_data/0/slide_406.json,0
cancer_data/0/slide_407.jpg,cancer_data/0/slide_407.json,0
cancer_data/0/slide_408.jpg,cancer_data/0/slide_408.json,0
cancer_data/0/slide_409.jpg,cancer_data/0/slide_409.json,0
cancer_data/0/slide_410.jpg,cancer_data/0/slide_410.json,0
cancer_data/0/slide_411.jpg,cancer_data/0/slide_411.json,0
cancer_data/0/slide_412.jpg,cancer_data/0/slide_412.json,0
cancer_data/0/slide_413.jpg,cancer_data/0/slide_413.json,0
cancer_data/0/slide_414.jpg,cancer_data/0/slide_414.json,0
cancer_data/0/slide_415.jpg,cancer_data/0/slide_415.json,0
cancer_data/0/slide_416.jpg,cancer_data/0/slide_416.json,0
cancer_data/0/slide_417.jpg,cancer_data/0/slide_417.json,0
cancer_data/0/slide_418.jpg,cancer_data/0/slide_418.json,0
cancer_data/0/slide_419.jpg,cancer_data/0/slide_419.json,0
cancer_data/0/slide_420.jpg,cancer_data/0/slide_420.json,0
cancer_data/0/slide_421.jpg,cancer_data/0/slide_421.json,0
cancer_data/0/slide_422.jpg,cancer_data/0/slide_422.json,0
cancer_data/0/slide_423.jpg,cancer_data/0/slide_423.json,0
cancer_data/0/slide_424.jpg,cancer_data/0/slide_424.json,0
cancer_data/0/slide_425.jpg,cancer_data/0/slide_425.json,0
cancer_data/0/slide_426.jpg,cancer_data/0/slide_426.json,0
cancer_data/0/slide_427.jpg,cancer_data/0/slide_427.json,0
cancer_data/0/slide_428.jpg,cancer_data/0/slide_428.json,0
cancer_data/0/slide_429.jpg,cancer_data/0/slide_429.json,0
cancer_data/0/slide_430.jpg,cancer_data/0/slide_430.json,0
cancer_data/0/slide_431.jpg,cancer_data/0/slide_431.json,0
cancer_data/0/slide_432.jpg,cancer_data/0/slide_432.json,0
cancer_data/0/slide_433.jpg,cancer_data/0/slide_433.json,0
cancer_data/0/slide_434.jpg,cancer_data/0/slide_434.json,0
cancer_data/0/slide_435.jpg,cancer_data/0/slide_435.json,0
cancer_data/0/slide_436.jpg,cancer_data/0/slide_436.json,0
cancer_data/0/slide_437.jpg,cancer_data/0/slide_437.json,0
cancer_data/0/slide_438.jpg,cancer_data/0/slide_438.json,0
cancer_data/0/slide_439.jpg,cancer_data/0/slide_439.json,0
cancer_data/0/slide_440.jpg,cancer_data/0/slide_440.json,0
cancer_data/0/slide_441.jpg,cancer_data/0/slide_441.json,0
cancer_data/0/slide_442.jpg,cancer_data/0/slide_442.json,0
cancer_data/0/slide_443.jpg,cancer_data/0/slide_443.json,0
cancer_data/0/slide_444.jpg,cancer_data/0/slide_444.json,0
cancer_data/0/slide_445.jpg,cancer_data/0/slide_445.json,0
cancer_data/0/slide_446.jpg,cancer_data/0/slide_446.json,0
cancer_data/0/slide_447.jpg,cancer_data/0/slide_447.json,0
cancer_data/0/slide_448.jpg,cancer_data/0/slide_448.json,0
cancer_data/0/slide_449.jpg,cancer_data/0/slide_449.json,0
cancer_data/0/slide_450.jpg,cancer_data/0/slide_450.json,0
cancer_data/0/slide_451.jpg,cancer_data/0/slide_451.json,0
cancer_data/0/slide_452.jpg,cancer_data/0/slide_452.json,0
cancer_data/0/slide_453.jpg,cancer_data/0/slide_453.json,0
cancer_data/0/slide_454.jpg,cancer_data/0/slide_454.json,0
cancer_data/0/slide_455.jpg,cancer_data/0/slide_455.json,0
cancer_data/0/slide_456.jpg,cancer_data/0/slide_456.json,0
cancer_data/0/slide_457.jpg,cancer_data/0/slide_457.json,0
cancer_data/0/slide_458.jpg,cancer_data/0/slide_458.json,0
cancer_data/0/slide_459.jpg,cancer_data/0/slide_459.json,0
cancer_data/0/slide_460.jpg,cancer_data/0/slide_460.json,0
cancer_data/0/slide_461.jpg,cancer_data/0/slide_461.json,0
cancer_data/0/slide_462.jpg,cancer_data/0/slide_462.json,0
cancer_data/0/slide_463.jpg,cancer_data/0/slide_463.json,0
cancer_data/0/slide_464.jpg,cancer_data/0/slide_464.json,0
cancer_data/0/slide_465.jpg,cancer_data/0/slide_465.json,0
cancer_data/0/slide_466.jpg,cancer_data/0/slide_466.json,0
cancer_data/0/slide_467.jpg,cancer_data/0/slide_467.json,0
cancer_data/0/slide_468.jpg,cancer_data/0/slide_468.json,0
cancer_data/0/slide_469.jpg,cancer_data/0/slide_469.json,0
cancer_data/0/slide_470.jpg,cancer_data/0/slide_470.json,0
cancer_data/0/slide_471.jpg,cancer_data/0/slide_471.json,0
cancer_data/0/slide_472.jpg,cancer_data/0/slide_472.json,0
cancer_data/0/slide_473.jpg,cancer_data/0/slide_473.json,0
cancer_data/0/slide_474.jpg,cancer_data/0/slide_474.json,0
cancer_data/0/slide_475.jpg,cancer_data/0/slide_475.json,0
cancer_data/0/slide_476.jpg,cancer_data/0/slide_476.json,0
cancer_data/0/slide_477.jpg,cancer_data/0/slide_477.json,0
cancer_data/0/slide_478.jpg,cancer_data/0/slide_478.json,0
cancer_data/0/slide_479.jpg,cancer_data/0/slide_479.json,0
cancer_data/0/slide_480.jpg,cancer_data/0/slide_480.json,0
cancer_data/0/slide_481.jpg,cancer_data/0/slide_481.json,0
cancer_data/0/slide_482.jpg,cancer_data/0/slide_482.json,0
cancer_data/0/slide_483.jpg,cancer_data/0/slide_483.json,0
cancer_data/0/slide_484.jpg,cancer_data/0/slide_484.json,0
cancer_data/0/slide_485.jpg,cancer_data/0/slide_485.json,0
cancer_data/0/slide_486.jpg,cancer_data/0/slide_486.json,0
cancer_data/0/slide_487.jpg,cancer_data/0/slide_487.json,0
cancer_data/0/slide_488.jpg,cancer_data/0/slide_488.json,0
cancer_data/0/slide_489.jpg,cancer_data/0/slide_489.json,0
cancer_data/0/slide_490.jpg,cancer_data/0/slide_490.json,0
cancer_data/0/slide_491.jpg,cancer_data/0/slide_491.json,0
cancer_data/0/slide_492.jpg,cancer_data/0/slide_492.json,0
cancer_data/0/slide_493.jpg,cancer_data/0/slide_493.json,0
cancer_data/0/slide_494.jpg,cancer_data/0/slide_494.json,0
cancer_data/0/slide_495.jpg,cancer_data/0/slide_495.json,0
cancer_data/0/slide_496.jpg,cancer_data/0/slide_496.json,0
cancer_data/0/slide_497.jpg,cancer_data/0/slide_497.json,0
cancer_data/0/slide_498.jpg,cancer_data/0/slide_498.json,0
cancer_data/0/slide_499.jpg,cancer_data/0/slide_499.json,0
cancer_data/0/slide_500.jpg,cancer_data/0/slide_500.json,0
cancer_data/0/slide_501.jpg,cancer_data/0/slide_501.json,0
cancer_data/0/slide_502.jpg,cancer_data/0/slide_502.json,0
cancer_data/0/slide_503.jpg,cancer_data/0/slide_503.json,0
cancer_data/0/slide_504.jpg,cancer_data/0/slide_504.json,0
cancer_data/0/slide_505.jpg,cancer_data/0/slide_505.json,0
cancer_data/0/slide_506.jpg,cancer_data/0/slide_506.json,0
cancer_data/0/slide_507.jpg,cancer_data/0/slide_507.json,0
cancer_data/0/slide_508.jpg,cancer_data/0/slide_508.json,0
cancer_data/0/slide_509.jpg,cancer_data/0/slide_509.json,0
cancer_data/0/slide_510.jpg,cancer_data/0/slide_510.json,0
cancer_data/0/slide_511.jpg,cancer_data/0/slide_511.json,0
cancer_data/0/slide_512.jpg,cancer_data/0/slide_512.json,0
cancer_data/0/slide_513.jpg,cancer_data/0/slide_513.json,0
cancer_data/0/slide_514.jpg,cancer_data/0/slide_514.json,0
cancer_data/0/slide_515.jpg,cancer_data/0/slide_515.json,0
cancer_data/0/slide_516.jpg,cancer_data/0/slide_516.json,0
cancer_data/0/slide_517.jpg,cancer_data/0/slide_517.json,0
cancer_data/0/slide_518.jpg,cancer_data/0/slide_518.json,0
cancer_data/0/slide_519.jpg,cancer_data/0/slide_519.json,0
cancer_data/0/slide_520.jpg,cancer_data/0/slide_520.json,0
cancer_data/0/slide_521.jpg,cancer_data/0/slide_521.json,0
cancer_data/0/slide_522.jpg,cancer_data/0/slide_522.json,0
cancer_data/0/slide_523.jpg,cancer_data/0/slide_523.json,0
cancer_data/0/slide_524.jpg,cancer_data/0/slide_524.json,0
cancer_data/0/slide_525.jpg,cancer_data/0/slide_525.json,0
cancer_data/0/slide_526.jpg,cancer_data/0/slide_526.json,0
cancer_data/0/slide_527.jpg,cancer_data/0/slide_527.json,0
cancer_data/0/slide_528.jpg,cancer_data/0/slide_528.json,0
cancer_data/0/slide_529.jpg,cancer_data/0/slide_529.json,0
cancer_data/0/slide_530.jpg,cancer_data/0/slide_530.json,0
cancer_data/0/slide_531.jpg,cancer_data/0/slide_531.json,0
cancer_data/0/slide_532.jpg,cancer_data/0/slide_532.json,0
cancer_data/0/slide_533.jpg,cancer_data/0/slide_533.json,0
cancer_data/0/slide_534.jpg,cancer_data/0/slide_534.json,0
cancer_data/0/slide_535.jpg,cancer_data/0/slide_535.json,0
cancer_data/0/slide_536.jpg,cancer_data/0/slide_536.json,0
cancer_data/0/slide_537.jpg,cancer_data/0/slide_537.json,0
cancer_data/0/slide_538.jpg,cancer_data/0/slide_538.json,0
cancer_data/0/slide_539.jpg,cancer_data/0/slide_539.json,0
cancer_data/0/slide_540.jpg,cancer_data/0/slide_540.json,0
cancer_data/0/slide_541.jpg,cancer_data/0/slide_541.json,0
cancer_data/0/slide_542.jpg,cancer_data/0/slide_542.json,0
cancer_data/0/slide_543.jpg,cancer_data/0/slide_543.json,0
cancer_data/0/slide_544.jpg,cancer_data/0/slide_544.json,0
cancer_data/0/slide_545.jpg,cancer_data/0/slide_545.json,0
cancer_data/0/slide_546.jpg,cancer_data/0/slide_546.json,0
cancer_data/0/slide_547.jpg,cancer_data/0/slide_547.json,0
cancer_data/0/slide_548.jpg,cancer_data/0/slide_548.json,0
cancer_data/0/slide_549.jpg,cancer_data/0/slide_549.json,0
cancer_data/0/slide_550.jpg,cancer_data/0/slide_550.json,0
cancer_data/0/slide_551.jpg,cancer_data/0/slide_551.json,0
cancer_data/0/slide_552.jpg,cancer_data/0/slide_552.json,0
cancer_data/0/slide_553.jpg,cancer_data/0/slide_553.json,0
cancer_data/0/slide_554.jpg,cancer_data/0/slide_554.json,0
cancer_data/0/slide_555.jpg,cancer_data/0/slide_555.json,0
cancer_data/0/slide_556.jpg,cancer_data/0/slide_556.json,0
cancer_data/0/slide_557.jpg,cancer_data/0/slide_557.json,0
cancer_data/0/slide_558.jpg,cancer_data/0/slide_558.json,0
cancer_data/0/slide_559.jpg,cancer_data/0/slide_559.json,0
cancer_data/0/slide_560.jpg,cancer_data/0/slide_560.json,0
cancer_data/0/slide_561.jpg,cancer_data/0/slide_561.json,0
cancer_data/0/slide_562.jpg,cancer_data/0/slide_562.json,0
cancer_data/0/slide_563.jpg,cancer_data/0/slide_563.json,0
cancer_data/0/slide_564.jpg,cancer_data/0/slide_564.json,0
cancer_data/0/slide_565.jpg,cancer_data/0/slide_565.json,0
cancer_data/0/slide_566.jpg,cancer_data/0/slide_566.json,0
cancer_data/0/slide_567.jpg,cancer_data/0/slide_567.json,0
cancer_data/0/slide_568.jpg,cancer_data/0/slide_568.json,0
cancer_data/0/slide_569.jpg,cancer_data/0/slide_569.json,0
cancer_data/0/slide_570.jpg,cancer_data/0/slide_570.json,0
cancer_data/0/slide_571.jpg,cancer_data/0/slide_571.json,0
cancer_data/0/slide_572.jpg,cancer_data/0/slide_572.json,0
cancer_data/0/slide_573.jpg,cancer_data/0/slide_573.json,0
cancer_data/0/slide_574.jpg,cancer_data/0/slide_574.json,0
cancer_data/0/slide_575.jpg,cancer_data/0/slide_575.json,0
cancer_data/0/slide_576.jpg,cancer_data/0/slide_576.json,0
cancer_data/0/slide_577.jpg,cancer_data/0/slide_577.json,0
cancer_data/0/slide_578.jpg,cancer_data/0/slide_578.json,0
cancer_data/0/slide_579.jpg,cancer_data/0/slide_579.json,0
cancer_data/0/slide_580.jpg,cancer_data/0/slide_580.json,0
cancer_data/0/slide_581.jpg,cancer_data/0/slide_581.json,0
cancer_data/0/slide_582.jpg,cancer_data/0/slide_582.json,0
cancer_data/0/slide_583.jpg,cancer_data/0/slide_583.json,0
cancer_data/0/slide_584.jpg,cancer_data/0/slide_584.json,0
cancer_data/0/slide_585.jpg,cancer_data/0/slide_585.json,0
cancer_data/0/slide_586.jpg,cancer_data/0/slide_586.json,0
cancer_data/0/slide_587.jpg,cancer_data/0/slide_587.json,0
cancer_data/0/slide_588.jpg,cancer_data/0/slide_588.json,0
cancer_data/0/slide_589.jpg,cancer_data/0/slide_589.json,0
cancer_data/0/slide_590.jpg,cancer_data/0/slide_590.json,0
cancer_data/0/slide_591.jpg,cancer_data/0/slide_591.json,0
cancer_data/0/slide_592.jpg,cancer_data/0/slide_592.json,0
cancer_data/0/slide_593.jpg,cancer_data/0/slide_593.json,0
cancer_data/0/slide_594.jpg,cancer_data/0/slide_594.json,0
cancer_data/0/slide_595.jpg,cancer_data/0/slide_595.json,0
cancer_data/0/slide_596.jpg,cancer_data/0/slide_596.json,0
cancer_data/0/slide_597.jpg,cancer_data/0/slide_597.json,0
cancer_data/0/slide_598.jpg,cancer_data/0/slide_598.json,0
cancer_data/0/slide_599.jpg,cancer_data/0/slide_599.json,0
cancer_data/0/slide_600.jpg,cancer_data/0/slide_600.json,0
cancer_data/0/slide_601.jpg,cancer_data/0/slide_601.json,0
cancer_data/0/slide_602.jpg,cancer_data/0/slide_602.json,0
cancer_data/0/slide_603.jpg,cancer_data/0/slide_603.json,0
cancer_data/0/slide_604.jpg,cancer_data/0/slide_604.json,0
cancer_data/0/slide_605.jpg,cancer_data/0/slide_605.json,0
cancer_data/0/slide_606.jpg,cancer_data/0/slide_606.json,0
cancer_data/0/slide_607.jpg,cancer_data/0/slide_607.json,0
cancer_data/0/slide_608.jpg,cancer_data/0/slide_608.json,0
cancer_data/0/slide_609.jpg,cancer_data/0/slide_609.json,0
cancer_data/0/slide_610.jpg,cancer_data/0/slide_610.json,0
cancer_data/0/slide_611.jpg,cancer_data/0/slide_611.json,0
cancer_data/0/slide_612.jpg,cancer_data/0/slide_612.json,0
cancer_data/0/slide_613.jpg,cancer_data/0/slide_613.json,0
cancer_data/0/slide_614.jpg,cancer_data/0/slide_614.json,0
cancer_data/0/slide_615.jpg,cancer_data/0/slide_615.json,0
cancer_data/0/slide_616.jpg,cancer_data/0/slide_616.json,0
cancer_data/0/slide_617.jpg,cancer_data/0/slide_617.json,0
cancer_data/0/slide_618.jpg,cancer_data/0/slide_618.json,0
cancer_data/0/slide_619.jpg,cancer_data/0/slide_619.json,0
cancer_data/0/slide_620.jpg,cancer_data/0/slide_620.json,0
cancer_data/0/slide_621.jpg,cancer_data/0/slide_621.json,0
cancer_data/0/slide_622.jpg,cancer_data/0/slide_622.json,0
cancer_data/0/slide_623.jpg,cancer_data/0/slide_623.json,0
cancer_data/0/slide_624.jpg,cancer_data/0/slide_624.json,0
cancer_data/0/slide_625.jpg,cancer_data/0/slide_625.json,0
cancer_data/0/slide_626.jpg,cancer_data/0/slide_626.json,0
cancer_data/0/slide_627.jpg,cancer_data/0/slide_627.json,0
cancer_data/0/slide_628.jpg,cancer_data/0/slide_628.json,0
cancer_data/0/slide_629.jpg,cancer_data/0/slide_629.json,0
cancer_data/0/slide_630.jpg,cancer_data/0/slide_630.json,0
cancer_data/0/slide_631.jpg,cancer_data/0/slide_631.json,0
cancer_data/0/slide_632.jpg,cancer_data/0/slide_632.json,0
cancer_data/0/slide_633.jpg,cancer_data/0/slide_633.json,0
cancer_data/0/slide_634.jpg,cancer_data/0/slide_634.json,0
cancer_data/0/slide_635.jpg,cancer_data/0/slide_635.json,0
cancer_data/0/slide_636.jpg,cancer_data/0/slide_636.json,0
cancer_data/0/slide_637.jpg,cancer_data/0/slide_637.json,0
cancer_data/0/slide_638.jpg,cancer_data/0/slide_638.json,0
cancer_data/0/slide_639.jpg,cancer_data/0/slide_639.json,0
cancer_data/0/slide_640.jpg,cancer_data/0/slide_640.json,0
cancer_data/0/slide_641.jpg,cancer_data/0/slide_641.json,0
cancer_data/0/slide_642.jpg,cancer_data/0/slide_642.json,0
cancer_data/0/slide_643.jpg,cancer_data/0/slide_643.json,0
cancer_data/0/slide_644.jpg,cancer_data/0/slide_644.json,0
cancer_data/0/slide_645.jpg,cancer_data/0/slide_645.json,0
cancer_data/0/slide_646.jpg,cancer_data/0/slide_646.json,0
cancer_data/0/slide_647.jpg,cancer_data/0/slide_647.json,0
cancer_data/0/slide_648.jpg,cancer_data/0/slide_648.json,0
cancer_data/0/slide_649.jpg,cancer_data/0/slide_649.json,0
cancer_data/0/slide_650.jpg,cancer_data/0/slide_650.json,0
cancer_data/0/slide_651.jpg,cancer_data/0/slide_651.json,0
cancer_data/0/slide_652.jpg,cancer_data/0/slide_652.json,0
cancer_data/0/slide_653.jpg,cancer_data/0/slide_653.json,0
cancer_data/0/slide_654.jpg,cancer_data/0/slide_654.json,0
cancer_data/0/slide_655.jpg,cancer_data/0/slide_655.json,0
cancer_data/0/slide_656.jpg,cancer_data/0/slide_656.json,0
cancer_data/0/slide_657.jpg,cancer_data/0/slide_657.json,0
cancer_data/0/slide_658.jpg,cancer_data/0/slide_658.json,0
cancer_data/0/slide_659.jpg,cancer_data/0/slide_659.json,0
cancer_data/0/slide_660.jpg,cancer_data/0/slide_660.json,0
cancer_data/0/slide_661.jpg,cancer_data/0/slide_661.json,0
cancer_data/0/slide_662.jpg,cancer_data/0/slide_662.json,0
cancer_data/0/slide_663.jpg,cancer_data/0/slide_663.json,0
cancer_data/0/slide_664.jpg,cancer_data/0/slide_664.json,0
cancer_data/0/slide_665.jpg,cancer_data/0/slide_665.json,0
cancer_data/0/slide_666.jpg,cancer_data/0/slide_666.json,0
cancer_data/0/slide_667.jpg,cancer_data/0/slide_667.json,0
cancer_data/0/slide_668.jpg,cancer_data/0/slide_668.json,0
cancer_data/0/slide_669.jpg,cancer_data/0/slide_669.json,0
cancer_data/0/slide_670.jpg,cancer_data/0/slide_670.json,0
cancer_data/0/slide_671.jpg,cancer_data/0/slide_671.json,0
cancer_data/0/slide_672.jpg,cancer_data/0/slide_672.json,0
cancer_data/0/slide_673.jpg,cancer_data/0/slide_673.json,0
cancer_data/0/slide_674.jpg,cancer_data/0/slide_674.json,0
cancer_data/0/slide_675.jpg,cancer_data/0/slide_675.json,0
cancer_data/0/slide_676.jpg,cancer_data/0/slide_676.json,0
cancer_data/0/slide_677.jpg,cancer_data/0/slide_677.json,0
cancer_data/0/slide_678.jpg,cancer_data/0/slide_678.json,0
cancer_data/0/slide_679.jpg,cancer_data/0/slide_679.json,0
cancer_data/0/slide_680.jpg,cancer_data/0/slide_680.json,0
cancer_data/0/slide_681.jpg,cancer_data/0/slide_681.json,0
cancer_data/0/slide_682.jpg,cancer_data/0/slide_682.json,0
cancer_data/0/slide_683.jpg,cancer_data/0/slide_683.json,0
cancer_data/0/slide_684.jpg,cancer_data/0/slide_684.json,0
cancer_data/0/slide_685.jpg,cancer_data/0/slide_685.json,0
cancer_data/0/slide_686.jpg,cancer_data/0/slide_686.json,0
cancer_data/0/slide_687.jpg,cancer_data/0/slide_687.json,0
cancer_data/0/slide_688.jpg,cancer_data/0/slide_688.json,0
cancer_data/0/slide_689.jpg,cancer_data/0/slide_689.json,0
cancer_data/0/slide_690.jpg,cancer_data/0/slide_690.json,0
cancer_data/0/slide_691.jpg,cancer_data/0/slide_691.json,0
cancer_data/0/slide_692.jpg,cancer_data/0/slide_692.json,0
cancer_data/0/slide_693.jpg,cancer_data/0/slide_693.json,0
cancer_data/0/slide_694.jpg,cancer_data/0/slide_694.json,0
cancer_data/0/slide_695.jpg,cancer_data/0/slide_695.json,0
cancer_data/0/slide_696.jpg,cancer_data/0/slide_696.json,0
cancer_data/0/slide_697.jpg,cancer_data/0/slide_697.json,0
cancer_data/0/slide_698.jpg,cancer_data/0/slide_698.json,0
cancer_data/0/slide_699.jpg,cancer_data/0/slide_699.json,0
cancer_data/0/slide_700.jpg,cancer_data/0/slide_700.json,0
cancer_data/0/slide_701.jpg,cancer_data/0/slide_701.json,0
cancer_data/0/slide_702.jpg,cancer_data/0/slide_702.json,0
cancer_data/0/slide_703.jpg,cancer_data/0/slide_703.json,0
cancer_data/0/slide_704.jpg,cancer_data/0/slide_704.json,0
cancer_data/0/slide_705.jpg,cancer_data/0/slide_705.json,0
cancer_data/0/slide_706.jpg,cancer_data/0/slide_706.json,0
cancer_data/0/slide_707.jpg,cancer_data/0/slide_707.json,0
cancer_data/0/slide_708.jpg,cancer_data/0/slide_708.json,0
cancer_data/0/slide_709.jpg,cancer_data/0/slide_709.json,0
cancer_data/0/slide_710.jpg,cancer_data/0/slide_710.json,0
cancer_data/0/slide_711.jpg,cancer_data/0/slide_711.json,0
cancer_data/0/slide_712.jpg,cancer_data/0/slide_712.json,0
cancer_data/0/slide_713.jpg,cancer_data/0/slide_713.json,0
cancer_data/0/slide_714.jpg,cancer_data/0/slide_714.json,0
cancer_data/0/slide_715.jpg,cancer_data/0/slide_715.json,0
cancer_data/0/slide_716.jpg,cancer_data/0/slide_716.json,0
cancer_data/0/slide_717.jpg,cancer_data/0/slide_717.json,0
cancer_data/0/slide_718.jpg,cancer_data/0/slide_718.json,0
cancer_data/0/slide_719.jpg,cancer_data/0/slide_719.json,0
cancer_data/0/slide_720.jpg,cancer_data/0/slide_720.json,0
cancer_data/0/slide_721.jpg,cancer_data/0/slide_721.json,0
cancer_data/0/slide_722.jpg,cancer_data/0/slide_722.json,0
cancer_data/0/slide_723.jpg,cancer_data/0/slide_723.json,0
cancer_data/0/slide_724.jpg,cancer_data/0/slide_724.json,0
cancer_data/0/slide_725.jpg,cancer_data/0/slide_725.json,0
cancer_data/0/slide_726.jpg,cancer_data/0/slide_726.json,0
cancer_data/0/slide_727.jpg,cancer_data/0/slide_727.json,0
cancer_data/0/slide_728.jpg,cancer_data/0/slide_728.json,0
cancer_data/0/slide_729.jpg,cancer_data/0/slide_729.json,0
cancer_data/0/slide_730.jpg,cancer_data/0/slide_730.json,0
cancer_data/0/slide_731.jpg,cancer_data/0/slide_731.json,0
cancer_data/0/slide_732.jpg,cancer_data/0/slide_732.json,0
cancer_data/0/slide_733.jpg,cancer_data/0/slide_733.json,0
cancer_data/0/slide_734.jpg,cancer_data/0/slide_734.json,0
cancer_data/0/slide_735.jpg,cancer_data/0/slide_735.json,0
cancer_data/0/slide_736.jpg,cancer_data/0/slide_736.json,0
cancer_data/0/slide_737.jpg,cancer_data/0/slide_737.json,0
cancer_data/0/slide_738.jpg,cancer_data/0/slide_738.json,0
cancer_data/0/slide_739.jpg,cancer_data/0/slide_739.json,0
cancer_data/1/slide_000.jpg,cancer_data/1/slide_000.json,1
cancer_data/1/slide_001.jpg,cancer_data/1/slide_001.json,1
cancer_data/1/slide_002.jpg,cancer_data/1/slide_002.json,1
cancer_data/1/slide_003.jpg,cancer_data/1/slide_003.json,1
cancer_data/1/slide_004.jpg,cancer_data/1/slide_004.json,1
cancer_data/1/slide_005.jpg,cancer_data/1/slide_005.json,1
cancer_data/1/slide_006.jpg,cancer_data/1/slide_006.json,1
cancer_data/1/slide_007.jpg,cancer_data/1/slide_007.json,1
cancer_data/1/slide_008.jpg,cancer_data/1/slide_008.json,1
cancer_data/1/slide_009.jpg,cancer_data/1/slide_009.json,1
cancer_data/1/slide_010.jpg,cancer_data/1/slide_010.json,1
cancer_data/1/slide_011.jpg,cancer_data/1/slide_011.json,1
cancer_data/1/slide_012.jpg,cancer_data/1/slide_012.json,1
cancer_data/1/slide_013.jpg,cancer_data/1/slide_013.json,1
cancer_data/1/slide_014.jpg,cancer_data/1/slide_014.json,1
cancer_data/1/slide_015.jpg,cancer_data/1/slide_015.json,1
cancer_data/1/slide_016.jpg,cancer_data/1/slide_016.json,1
cancer_data/1/slide_017.jpg,cancer_data/1/slide_017.json,1
cancer_data/1/slide_018.jpg,cancer_data/1/slide_018.json,1
cancer_data/1/slide_019.jpg,cancer_data/1/slide_019.json,1
cancer_data/1/slide_020.jpg,cancer_data/1/slide_020.json,1
cancer_data/1/slide_021.jpg,cancer_data/1/slide_021.json,1
cancer_data/1/slide_022.jpg,cancer_data/1/slide_022.json,1
cancer_data/1/slide_023.jpg,cancer_data/1/slide_023.json,1
cancer_data/1/slide_024.jpg,cancer_data/1/slide_024.json,1
cancer_data/1/slide_025.jpg,cancer_data/1/slide_025.json,1
cancer_data/1/slide_026.jpg,cancer_data/1/slide_026.json,1
cancer_data/1/slide_027.jpg,cancer_data/1/slide_027.json,1
cancer_data/1/slide_028.jpg,cancer_data/1/slide_028.json,1
cancer_data/1/slide_029.jpg,cancer_data/1/slide_029.json,1
cancer_data/1/slide_030.jpg,cancer_data/1/slide_030.json,1
cancer_data/1/slide_031.jpg,cancer_data/1/slide_031.json,1
cancer_data/1/slide_032.jpg,cancer_data/1/slide_032.json,1
cancer_data/1/slide_033.jpg,cancer_data/1/slide_033.json,1
cancer_data/1/slide_034.jpg,cancer_data/1/slide_034.json,1
cancer_data/1/slide_035.jpg,cancer_data/1/slide_035.json,1
cancer_data/1/slide_036.jpg,cancer_data/1/slide_036.json,1
cancer_data/1/slide_037.jpg,cancer_data/1/slide_037.json,1
cancer_data/1/slide_038.jpg,cancer_data/1/slide_038.json,1
cancer_data/1/slide_039.jpg,cancer_data/1/slide_039.json,1
cancer_data/1/slide_040.jpg,cancer_data/1/slide_040.json,1
cancer_data/1/slide_041.jpg,cancer_data/1/slide_041.json,1
cancer_data/1/slide_042.jpg,cancer_data/1/slide_042.json,1
cancer_data/1/slide_043.jpg,cancer_data/1/slide_043.json,1
cancer_data/1/slide_044.jpg,cancer_data/1/slide_044.json,1
cancer_data/1/slide_045.jpg,cancer_data/1/slide_045.json,1
cancer_data/1/slide_046.jpg,cancer_data/1/slide_046.json,1
cancer_data/1/slide_047.jpg,cancer_data/1/slide_047.json,1
cancer_data/1/slide_048.jpg,cancer_data/1/slide_048.json,1
cancer_data/1/slide_049.jpg,cancer_data/1/slide_049.json,1
cancer_data/1/slide_050.jpg,cancer_data/1/slide_050.json,1
cancer_data/1/slide_051.jpg,cancer_data/1/slide_051.json,1
cancer_data/1/slide_052.jpg,cancer_data/1/slide_052.json,1
cancer_data/1/slide_053.jpg,cancer_data/1/slide_053.json,1
cancer_data/1/slide_054.jpg,cancer_data/1/slide_054.json,1
cancer_data/1/slide_055.jpg,cancer_data/1/slide_055.json,1
cancer_data/1/slide_056.jpg,cancer_data/1/slide_056.json,1
cancer_data/1/slide_057.jpg,cancer_data/1/slide_057.json,1
cancer_data/1/slide_058.jpg,cancer_data/1/slide_058.json,1
cancer_data/1/slide_059.jpg,cancer_data/1/slide_059.json,1
cancer_data/1/slide_060.jpg,cancer_data/1/slide_060.json,1
cancer_data/1/slide_061.jpg,cancer_data/1/slide_061.json,1
cancer_data/1/slide_062.jpg,cancer_data/1/slide_062.json,1
cancer_data/1/slide_063.jpg,cancer_data/1/slide_063.json,1
cancer_data/1/slide_064.jpg,cancer_data/1/slide_064.json,1
cancer_data/1/slide_065.jpg,cancer_data/1/slide_065.json,1
cancer_data/1/slide_066.jpg,cancer_data/1/slide_066.json,1
cancer_data/1/slide_067.jpg,cancer_data/1/slide_067.json,1
cancer_data/1/slide_068.jpg,cancer_data/1/slide_068.json,1
cancer_data/1/slide_069.jpg,cancer_data/1/slide_069.json,1
cancer_data/1/slide_070.jpg,cancer_data/1/slide_070.json,1
cancer_data/1/slide_071.jpg,cancer_data/1/slide_071.json,1
cancer_data/1/slide_072.jpg,cancer_data/1/slide_072.json,1
cancer_data/1/slide_073.jpg,cancer_data/1/slide_073.json,1
cancer_data/1/slide_074.jpg,cancer_data/1/slide_074.json,1
cancer_data/1/slide_075.jpg,cancer_data/1/slide_075.json,1
cancer_data/1/slide_076.jpg,cancer_data/1/slide_076.json,1
cancer_data/1/slide_077.jpg,cancer_data/1/slide_077.json,1
cancer_data/1/slide_078.jpg,cancer_data/1/slide_078.json,1
cancer_data/1/slide_079.jpg,cancer_data/1/slide_079.json,1
cancer_data/1/slide_080.jpg,cancer_data/1/slide_080.json,1
cancer_data/1/slide_081.jpg,cancer_data/1/slide_081.json,1
cancer_data/1/slide_082.jpg,cancer_data/1/slide_082.json,1
cancer_data/1/slide_083.jpg,cancer_data/1/slide_083.json,1
cancer_data/1/slide_084.jpg,cancer_data/1/slide_084.json,1
cancer_data/1/slide_085.jpg,cancer_data/1/slide_085.json,1
cancer_data/1/slide_086.jpg,cancer_data/1/slide_086.json,1
cancer_data/1/slide_087.jpg,cancer_data/1/slide_087.json,1
cancer_data/1/slide_088.jpg,cancer_data/1/slide_088.json,1
cancer_data/1/slide_089.jpg,cancer_data/1/slide_089.json,1
cancer_data/1/slide_090.jpg,cancer_data/1/slide_090.json,1
cancer_data/1/slide_091.jpg,cancer_data/1/slide_091.json,1
cancer_data/1/slide_092.jpg,cancer_data/1/slide_092.json,1
cancer_data/1/slide_093.jpg,cancer_data/1/slide_093.json,1
cancer_data/1/slide_094.jpg,cancer_data/1/slide_094.json,1
cancer_data/1/slide_095.jpg,cancer_data/1/slide_095.json,1
cancer_data/1/slide_096.jpg,cancer_data/1/slide_096.json,1
cancer_data/1/slide_097.jpg,cancer_data/1/slide_097.json,1
cancer_data/1/slide_098.jpg,cancer_data/1/slide_098.json,1
cancer_data/1/slide_099.jpg,cancer_data/1/slide_099.json,1
cancer_data/1/slide_100.jpg,cancer_data/1/slide_100.json,1
cancer_data/1/slide_101.jpg,cancer_data/1/slide_101.json,1
cancer_data/1/slide_102.jpg,cancer_data/1/slide_102.json,1
cancer_data/1/slide_103.jpg,cancer_data/1/slide_103.json,1
cancer_data/1/slide_104.jpg,cancer_data/1/slide_104.json,1
cancer_data/1/slide_105.jpg,cancer_data/1/slide_105.json,1
cancer_data/1/slide_106.jpg,cancer_data/1/slide_106.json,1
cancer_data/1/slide_107.jpg,cancer_data/1/slide_107.json,1
cancer_data/1/slide_108.jpg,cancer_data/1/slide_108.json,1
cancer_data/1/slide_109.jpg,cancer_data/1/slide_109.json,1
cancer_data/1/slide_110.jpg,cancer_data/1/slide_110.json,1
cancer_data/1/slide_111.jpg,cancer_data/1/slide_111.json,1
cancer_data/1/slide_112.jpg,cancer_data/1/slide_112.json,1
cancer_data/1/slide_113.jpg,cancer_data/1/slide_113.json,1
cancer_data/1/slide_114.jpg,cancer_data/1/slide_114.json,1
cancer_data/1/slide_115.jpg,cancer_data/1/slide_115.json,1
cancer_data/1/slide_116.jpg,cancer_data/1/slide_116.json,1
cancer_data/1/slide_117.jpg,cancer_data/1/slide_117.json,1
cancer_data/1/slide_118.jpg,cancer_data/1/slide_118.json,1
cancer_data/1/slide_119.jpg,cancer_data/1/slide_119.json,1
cancer_data/1/slide_120.jpg,cancer_data/1/slide_120.json,1
cancer_data/1/slide_121.jpg,cancer_data/1/slide_121.json,1
cancer_data/1/slide_122.jpg,cancer_data/1/slide_122.json,1
cancer_data/1/slide_123.jpg,cancer_data/1/slide_123.json,1
cancer_data/1/slide_124.jpg,cancer_data/1/slide_124.json,1
cancer_data/1/slide_125.jpg,cancer_data/1/slide_125.json,1
cancer_data/1/slide_126.jpg,cancer_data/1/slide_126.json,1
cancer_data/1/slide_127.jpg,cancer_data/1/slide_127.json,1
cancer_data/1/slide_128.jpg,cancer_data/1/slide_128.json,1
cancer_data/1/slide_129.jpg,cancer_data/1/slide_129.json,1
cancer_data/1/slide_130.jpg,cancer_data/1/slide_130.json,1
cancer_data/1/slide_131.jpg,cancer_data/1/slide_131.json,1
cancer_data/1/slide_132.jpg,cancer_data/1/slide_132.json,1
cancer_data/1/slide_133.jpg,cancer_data/1/slide_133.json,1
cancer_data/1/slide_134.jpg,cancer_data/1/slide_134.json,1
cancer_data/1/slide_135.jpg,cancer_data/1/slide_135.json,1
cancer_data/1/slide_136.jpg,cancer_data/1/slide_136.json,1
cancer_data/1/slide_137.jpg,cancer_data/1/slide_137.json,1
cancer_data/1/slide_138.jpg,cancer_data/1/slide_138.json,1
cancer_data/1/slide_139.jpg,cancer_data/1/slide_139.json,1
cancer_data/1/slide_140.jpg,cancer_data/1/slide_140.json,1
cancer_data/1/slide_141.jpg,cancer_data/1/slide_141.json,1
cancer_data/1/slide_142.jpg,cancer_data/1/slide_142.json,1
cancer_data/1/slide_143.jpg,cancer_data/1/slide_143.json,1
cancer_data/1/slide_144.jpg,cancer_data/1/slide_144.json,1
cancer_data/1/slide_145.jpg,cancer_data/1/slide_145.json,1
cancer_data/1/slide_146.jpg,cancer_data/1/slide_146.json,1
cancer_data/1/slide_147.jpg,cancer_data/1/slide_147.json,1
cancer_data/1/slide_148.jpg,cancer_data/1/slide_148.json,1
cancer_data/1/slide_149.jpg,cancer_data/1/slide_149.json,1
cancer_data/1/slide_150.jpg,cancer_data/1/slide_150.json,1
cancer_data/1/slide_151.jpg,cancer_data/1/slide_151.json,1
cancer_data/1/slide_152.jpg,cancer_data/1/slide_152.json,1
cancer_data/1/slide_153.jpg,cancer_data/1/slide_153.json,1
cancer_data/1/slide_154.jpg,cancer_data/1/slide_154.json,1
cancer_data/1/slide_155.jpg,cancer_data/1/slide_155.json,1
cancer_data/1/slide_156.jpg,cancer_data/1/slide_156.json,1
cancer_data/1/slide_157.jpg,cancer_data/1/slide_157.json,1
cancer_data/1/slide_158.jpg,cancer_data/1/slide_158.json,1
cancer_data/1/slide_159.jpg,cancer_data/1/slide_159.json,1
cancer_data/1/slide_160.jpg,cancer_data/1/slide_160.json,1
cancer_data/1/slide_161.jpg,cancer_data/1/slide_161.json,1
cancer_data/1/slide_162.jpg,cancer_data/1/slide_162.json,1
cancer_data/1/slide_163.jpg,cancer_data/1/slide_163.json,1
cancer_data/1/slide_164.jpg,cancer_data/1/slide_164.json,1
cancer_data/1/slide_165.jpg,cancer_data/1/slide_165.json,1
cancer_data/1/slide_166.jpg,cancer_data/1/slide_166.json,1
cancer_data/1/slide_167.jpg,cancer_data/1/slide_167.json,1
cancer_data/1/slide_168.jpg,cancer_data/1/slide_168.json,1
cancer_data/1/slide_169.jpg,cancer_data/1/slide_169.json,1
cancer_data/1/slide_170.jpg,cancer_data/1/slide_170.json,1
cancer_data/1/slide_171.jpg,cancer_data/1/slide_171.json,1
cancer_data/1/slide_172.jpg,cancer_data/1/slide_172.json,1
cancer_data/1/slide_173.jpg,cancer_data/1/slide_173.json,1
cancer_data/1/slide_174.jpg,cancer_data/1/slide_174.json,1
cancer_data/1/slide_175.jpg,cancer_data/1/slide_175.json,1
cancer_data/1/slide_176.jpg,cancer_data/1/slide_176.json,1
cancer_data/1/slide_177.jpg,cancer_data/1/slide_177.json,1
cancer_data/1/slide_178.jpg,cancer_data/1/slide_178.json,1
cancer_data/1/slide_179.jpg,cancer_data/1/slide_179.json,1
cancer_data/1/slide_180.jpg,cancer_data/1/slide_180.json,1
cancer_data/1/slide_181.jpg,cancer_data/1/slide_181.json,1
cancer_data/1/slide_182.jpg,cancer_data/1/slide_182.json,1
cancer_data/1/slide_183.jpg,cancer_data/1/slide_183.json,1
cancer_data/1/slide_184.jpg,cancer_data/1/slide_184.json,1
cancer_data/1/slide_185.jpg,cancer_data/1/slide_185.json,1
cancer_data/1/slide_186.jpg,cancer_data/1/slide_186.json,1
cancer_data/1/slide_187.jpg,cancer_data/1/slide_187.json,1
cancer_data/1/slide_188.jpg,cancer_data/1/slide_188.json,1
cancer_data/1/slide_189.jpg,cancer_data/1/slide_189.json,1
cancer_data/1/slide_190.jpg,cancer_data/1/slide_190.json,1
cancer_data/1/slide_191.jpg,cancer_data/1/slide_191.json,1
cancer_data/1/slide_192.jpg,cancer_data/1/slide_192.json,1
cancer_data/1/slide_193.jpg,cancer_data/1/slide_193.json,1
cancer_data/1/slide_194.jpg,cancer_data/1/slide_194.json,1
cancer_data/1/slide_195.jpg,cancer_data/1/slide_195.json,1
cancer_data/1/slide_196.jpg,cancer_data/1/slide_196.json,1
cancer_data/1/slide_197.jpg,cancer_data/1/slide_197.json,1
cancer_data/1/slide_198.jpg,cancer_data/1/slide_198.json,1
cancer_data/1/slide_199.jpg,cancer_data/1/slide_199.json,1
cancer_data/1/slide_200.jpg,cancer_data/1/slide_200.json,1
cancer_data/1/slide_201.jpg,cancer_data/1/slide_201.json,1
cancer_data/1/slide_202.jpg,cancer_data/1/slide_202.json,1
cancer_data/1/slide_203.jpg,cancer_data/1/slide_203.json,1
cancer_data/1/slide_204.jpg,cancer_data/1/slide_204.json,1
cancer_data/1/slide_205.jpg,cancer_data/1/slide_205.json,1
cancer_data/1/slide_206.jpg,cancer_data/1/slide_206.json,1
cancer_data/1/slide_207.jpg,cancer_data/1/slide_207.json,1
cancer_data/1/slide_208.jpg,cancer_data/1/slide_208.json,1
cancer_data/1/slide_209.jpg,cancer_data/1/slide_209.json,1
cancer_data/1/slide_210.jpg,cancer_data/1/slide_210.json,1
cancer_data/1/slide_211.jpg,cancer_data/1/slide_211.json,1
cancer_data/1/slide_212.jpg,cancer_data/1/slide_212.json,1
cancer_data/1/slide_213.jpg,cancer_data/1/slide_213.json,1
cancer_data/1/slide_214.jpg,cancer_data/1/slide_214.json,1
cancer_data/1/slide_215.jpg,cancer_data/1/slide_215.json,1
cancer_data/1/slide_216.jpg,cancer_data/1/slide_216.json,1
cancer_data/1/slide_217.jpg,cancer_data/1/slide_217.json,1
cancer_data/1/slide_218.jpg,cancer_data/1/slide_218.json,1
cancer_data/1/slide_219.jpg,cancer_data/1/slide_219.json,1
cancer_data/1/slide_220.jpg,cancer_data/1/slide_220.json,1
cancer_data/1/slide_221.jpg,cancer_data/1/slide_221.json,1
cancer_data/1/slide_222.jpg,cancer_data/1/slide_222.json,1
cancer_data/1/slide_223.jpg,cancer_data/1/slide_223.json,1
cancer_data/1/slide_224.jpg,cancer_data/1/slide_224.json,1
cancer_data/1/slide_225.jpg,cancer_data/1/slide_225.json,1
cancer_data/1/slide_226.jpg,cancer_data/1/slide_226.json,1
cancer_data/1/slide_227.jpg,cancer_data/1/slide_227.json,1
cancer_data/1/slide_228.jpg,cancer_data/1/slide_228.json,1
cancer_data/1/slide_229.jpg,cancer_data/1/slide_229.json,1
cancer_data/1/slide_230.jpg,cancer_data/1/slide_230.json,1
cancer_data/1/slide_231.jpg,cancer_data/1/slide_231.json,1
cancer_data/1/slide_232.jpg,cancer_data/1/slide_232.json,1
cancer_data/1/slide_233.jpg,cancer_data/1/slide_233.json,1
cancer_data/1/slide_234.jpg,cancer_data/1/slide_234.json,1
cancer_data/1/slide_235.jpg,cancer_data/1/slide_235.json,1
cancer_data/1/slide_236.jpg,cancer_data/1/slide_236.json,1
cancer_data/1/slide_237.jpg,cancer_data/1/slide_237.json,1
cancer_data/1/slide_238.jpg,cancer_data/1/slide_238.json,1
cancer_data/1/slide_239.jpg,cancer_data/1/slide_239.json,1
cancer_data/1/slide_240.jpg,cancer_data/1/slide_240.json,1
cancer_data/1/slide_241.jpg,cancer_data/1/slide_241.json,1
cancer_data/1/slide_242.jpg,cancer_data/1/slide_242.json,1
cancer_data/1/slide_243.jpg,cancer_data/1/slide_243.json,1
cancer_data/1/slide_244.jpg,cancer_data/1/slide_244.json,1
cancer_data/1/slide_245.jpg,cancer_data/1/slide_245.json,1
cancer_data/1/slide_246.jpg,cancer_data/1/slide_246.json,1
cancer_data/1/slide_247.jpg,cancer_data/1/slide_247.json,1
cancer_data/1/slide_248.jpg,cancer_data/1/slide_248.json,1
cancer_data/1/slide_249.jpg,cancer_data/1/slide_249.json,1
cancer_data/1/slide_250.jpg,cancer_data/1/slide_250.json,1
cancer_data/1/slide_251.jpg,cancer_data/1/slide_251.json,1
cancer_data/1/slide_252.jpg,cancer_data/1/slide_252.json,1
cancer_data/1/slide_253.jpg,cancer_data/1/slide_253.json,1
cancer_data/1/slide_254.jpg,cancer_data/1/slide_254.json,1
cancer_data/1/slide_255.jpg,cancer_data/1/slide_255.json,1
cancer_data/1/slide_256.jpg,cancer_data/1/slide_256.json,1
cancer_data/1/slide_257.jpg,cancer_data/1/slide_257.json,1
cancer_data/1/slide_258.jpg,cancer_data/1/slide_258.json,1
cancer_data/1/slide_259.jpg,cancer_data/1/slide_259.json,1
cancer_data/1/slide_260.jpg,cancer_data/1/slide_260.json,1
cancer_data/1/slide_261.jpg,cancer_data/1/slide_261.json,1
cancer_data/1/slide_262.jpg,cancer_data/1/slide_262.json,1
cancer_data/1/slide_263.jpg,cancer_data/1/slide_263.json,1
cancer_data/1/slide_264.jpg,cancer_data/1/slide_264.json,1
cancer_data/1/slide_265.jpg,cancer_data/1/slide_265.json,1
cancer_data/1/slide_266.jpg,cancer_data/1/slide_266.json,1
cancer_data/1/slide_267.jpg,cancer_data/1/slide_267.json,1
cancer_data/1/slide_268.jpg,cancer_data/1/slide_268.json,1
cancer_data/1/slide_269.jpg,cancer_data/1/slide_269.json,1
cancer_data/1/slide_270.jpg,cancer_data/1/slide_270.json,1
cancer_data/1/slide_271.jpg,cancer_data/1/slide_271.json,1
cancer_data/1/slide_272.jpg,cancer_data/1/slide_272.json,1
cancer_data/1/slide_273.jpg,cancer_data/1/slide_273.json,1
cancer_data/1/slide_274.jpg,cancer_data/1/slide_274.json,1
cancer_data/1/slide_275.jpg,cancer_data/1/slide_275.json,1
cancer_data/1/slide_276.jpg,cancer_data/1/slide_276.json,1
cancer_data/1/slide_277.jpg,cancer_data/1/slide_277.json,1
cancer_data/1/slide_278.jpg,cancer_data/1/slide_278.json,1
cancer_data/1/slide_279.jpg,cancer_data/1/slide_279.json,1
cancer_data/1/slide_280.jpg,cancer_data/1/slide_280.json,1
cancer_data/1/slide_281.jpg,cancer_data/1/slide_281.json,1
cancer_data/1/slide_282.jpg,cancer_data/1/slide_282.json,1
cancer_data/1/slide_283.jpg,cancer_data/1/slide_283.json,1
cancer_data/1/slide_284.jpg,cancer_data/1/slide_284.json,1
cancer_data/1/slide_285.jpg,cancer_data/1/slide_285.json,1
cancer_data/1/slide_286.jpg,cancer_data/1/slide_286.json,1
cancer_data/1/slide_287.jpg,cancer_data/1/slide_287.json,1
cancer_data/1/slide_288.jpg,cancer_data/1/slide_288.json,1
cancer_data/1/slide_289.jpg,cancer_data/1/slide_289.json,1
cancer_data/1/slide_290.jpg,cancer_data/1/slide_290.json,1
cancer_data/1/slide_291.jpg,cancer_data/1/slide_291.json,1
cancer_data/1/slide_292.jpg,cancer_data/1/slide_292.json,1
cancer_data/1/slide_293.jpg,cancer_data/1/slide_293.json,1
cancer_data/1/slide_294.jpg,cancer_data/1/slide_294.json,1
cancer_data/1/slide_295.jpg,cancer_data/1/slide_295.json,1
cancer_data/1/slide_296.jpg,cancer_data/1/slide_296.json,1
cancer_data/1/slide_297.jpg,cancer_data/1/slide_297.json,1
cancer_data/1/slide_298.jpg,cancer_data/1/slide_298.json,1
cancer_data/1/slide_299.jpg,cancer_data/1/slide_299.json,1
cancer_data/1/slide_300.jpg,cancer_data/1/slide_300.json,1
cancer_data/1/slide_301.jpg,cancer_data/1/slide_301.json,1
cancer_data/1/slide_302.jpg,cancer_data/1/slide_302.json,1
cancer_data/1/slide_303.jpg,cancer_data/1/slide_303.json,1
cancer_data/1/slide_304.jpg,cancer_data/1/slide_304.json,1
cancer_data/1/slide_305.jpg,cancer_data/1/slide_305.json,1
cancer_data/1/slide_306.jpg,cancer_data/1/slide_306.json,1
cancer_data/1/slide_307.jpg,cancer_data/1/slide_307.json,1
cancer_data/1/slide_308.jpg,cancer_data/1/slide_308.json,1
cancer_data/1/slide_309.jpg,cancer_data/1/slide_309.json,1
cancer_data/1/slide_310.jpg,cancer_data/1/slide_310.json,1
cancer_data/1/slide_311.jpg,cancer_data/1/slide_311.json,1
cancer_data/1/slide_312.jpg,cancer_data/1/slide_312.json,1
cancer_data/1/slide_313.jpg,cancer_data/1/slide_313.json,1
cancer_data/1/slide_314.jpg,cancer_data/1/slide_314.json,1
cancer_data/1/slide_315.jpg,cancer_data/1/slide_315.json,1
cancer_data/1/slide_316.jpg,cancer_data/1/slide_316.json,1
cancer_data/1/slide_317.jpg,cancer_data/1/slide_317.json,1
cancer_data/1/slide_318.jpg,cancer_data/1/slide_318.json,1
cancer_data/1/slide_319.jpg,cancer_data/1/slide_319.json,1
cancer_data/1/slide_320.jpg,cancer_data/1/slide_320.json,1
cancer_data/1/slide_321.jpg,cancer_data/1/slide_321.json,1
cancer_data/1/slide_322.jpg,cancer_data/1/slide_322.json,1
cancer_data/1/slide_323.jpg,cancer_data/1/slide_323.json,1
cancer_data/1/slide_324.jpg,cancer_data/1/slide_324.json,1
cancer_data/1/slide_325.jpg,cancer_data/1/slide_325.json,1
cancer_data/1/slide_326.jpg,cancer_data/1/slide_326.json,1
cancer_data/1/slide_327.jpg,cancer_data/1/slide_327.json,1
cancer_data/1/slide_328.jpg,cancer_data/1/slide_328.json,1
cancer_data/1/slide_329.jpg,cancer_data/1/slide_329.json,1
cancer_data/1/slide_330.jpg,cancer_data/1/slide_330.json,1
cancer_data/1/slide_331.jpg,cancer_data/1/slide_331.json,1
cancer_data/1/slide_332.jpg,cancer_data/1/slide_332.json,1
cancer_data/1/slide_333.jpg,cancer_data/1/slide_333.json,1
cancer_data/1/slide_334.jpg,cancer_data/1/slide_334.json,1
cancer_data/1/slide_335.jpg,cancer_data/1/slide_335.json,1
cancer_data/1/slide_336.jpg,cancer_data/1/slide_336.json,1
cancer_data/1/slide_337.jpg,cancer_data/1/slide_337.json,1
cancer_data/1/slide_338.jpg,cancer_data/1/slide_338.json,1
cancer_data/1/slide_339.jpg,cancer_data/1/slide_339.json,1
cancer_data/1/slide_340.jpg,cancer_data/1/slide_340.json,1
cancer_data/1/slide_341.jpg,cancer_data/1/slide_341.json,1
cancer_data/1/slide_342.jpg,cancer_data/1/slide_342.json,1
cancer_data/1/slide_343.jpg,cancer_data/1/slide_343.json,1
cancer_data/1/slide_344.jpg,cancer_data/1/slide_344.json,1
cancer_data/1/slide_345.jpg,cancer_data/1/slide_345.json,1
cancer_data/1/slide_346.jpg,cancer_data/1/slide_346.json,1
cancer_data/1/slide_347.jpg,cancer_data/1/slide_347.json,1
cancer_data/1/slide_348.jpg,cancer_data/1/slide_348.json,1
cancer_data/1/slide_349.jpg,cancer_data/1/slide_349.json,1
cancer_data/1/slide_350.jpg,cancer_data/1/slide_350.json,1
cancer_data/1/slide_351.jpg,cancer_data/1/slide_351.json,1
cancer_data/1/slide_352.jpg,cancer_data/1/slide_352.json,1
cancer_data/1/slide_353.jpg,cancer_data/1/slide_353.json,1
cancer_data/1/slide_354.jpg,cancer_data/1/slide_354.json,1
cancer_data/1/slide_355.jpg,cancer_data/1/slide_355.json,1
cancer_data/1/slide_356.jpg,cancer_data/1/slide_356.json,1
cancer_data/1/slide_357.jpg,cancer_data/1/slide_357.json,1
cancer_data/1/slide_358.jpg,cancer_data/1/slide_358.json,1
cancer_data/1/slide_359.jpg,cancer_data/1/slide_359.json,1
cancer_data/1/slide_360.jpg,cancer_data/1/slide_360.json,1
cancer_data/1/slide_361.jpg,cancer_data/1/slide_361.json,1
cancer_data/1/slide_362.jpg,cancer_data/1/slide_362.json,1
cancer_data/1/slide_363.jpg,cancer_data/1/slide_363.json,1
cancer_data/1/slide_364.jpg,cancer_data/1/slide_364.json,1
cancer_data/1/slide_365.jpg,cancer_data/1/slide_365.json,1
cancer_data/1/slide_366.jpg,cancer_data/1/slide_366.json,1
cancer_data/1/slide_367.jpg,cancer_data/1/slide_367.json,1
cancer_data/1/slide_368.jpg,cancer_data/1/slide_368.json,1
cancer_data/1/slide_369.jpg,cancer_data/1/slide_369.json,1
cancer_data/1/slide_370.jpg,cancer_data/1/slide_370.json,1
cancer_data/1/slide_371.jpg,cancer_data/1/slide_371.json,1
cancer_data/1/slide_372.jpg,cancer_data/1/slide_372.json,1
cancer_data/1/slide_373.jpg,cancer_data/1/slide_373.json,1
cancer_data/1/slide_374.jpg,cancer_data/1/slide_374.json,1
cancer_data/1/slide_375.jpg,cancer_data/1/slide_375.json,1
cancer_data/1/slide_376.jpg,cancer_data/1/slide_376.json,1
cancer_data/1/slide_377.jpg,cancer_data/1/slide_377.json,1
cancer_data/1/slide_378.jpg,cancer_data/1/slide_378.json,1
cancer_data/1/slide_379.jpg,cancer_data/1/slide_379.json,1
cancer_data/1/slide_380.jpg,cancer_data/1/slide_380.json,1
cancer_data/1/slide_381.jpg,cancer_data/1/slide_381.json,1
cancer_data/1/slide_382.jpg,cancer_data/1/slide_382.json,1
cancer_data/1/slide_383.jpg,cancer_data/1/slide_383.json,1
cancer_data/1/slide_384.jpg,cancer_data/1/slide_384.json,1
cancer_data/1/slide_385.jpg,cancer_data/1/slide_385.json,1
cancer_data/1/slide_386.jpg,cancer_data/1/slide_386.json,1
cancer_data/1/slide_387.jpg,cancer_data/1/slide_387.json,1
cancer_data/1/slide_388.jpg,cancer_data/1/slide_388.json,1
cancer_data/1/slide_389.jpg,cancer_data/1/slide_389.json,1
cancer_data/1/slide_390.jpg,cancer_data/1/slide_390.json,1
cancer_data/1/slide_391.jpg,cancer_data/1/slide_391.json,1
cancer_data/1/slide_392.jpg,cancer_data/1/slide_392.json,1
cancer_data/1/slide_393.jpg,cancer_data/1/slide_393.json,1
cancer_data/1/slide_394.jpg,cancer_data/1/slide_394.json,1
cancer_data/1/slide_395.jpg,cancer_data/1/slide_395.json,1
cancer_data/1/slide_396.jpg,cancer_data/1/slide_396.json,1
cancer_data/1/slide_397.jpg,cancer_data/1/slide_397.json,1
cancer_data/1/slide_398.jpg,cancer_data/1/slide_398.json,1
cancer_data/1/slide_399.jpg,cancer_data/1/slide_399.json,1
cancer_data/1/slide_400.jpg,cancer_data/1/slide_400.json,1
cancer_data/1/slide_401.jpg,cancer_data/1/slide_401.json,1
cancer_data/1/slide_402.jpg,cancer_data/1/slide_402.json,1
cancer_data/1/slide_403.jpg,cancer_data/1/slide_403.json,1
cancer_data/1/slide_404.jpg,cancer_data/1/slide_404.json,1
cancer_data/1/slide_405.jpg,cancer_data/1/slide_405.json,1
cancer_data/1/slide_406.jpg,cancer_data/1/slide_406.json,1
cancer_data/1/slide_407.jpg,cancer_data/1/slide_407.json,1
cancer_data/1/slide_408.jpg,cancer_data/1/slide_408.json,1
cancer_data/1/slide_409.jpg,cancer_data/1/slide_409.json,1
cancer_data/1/slide_410.jpg,cancer_data/1/slide_410.json,1
cancer_data/1/slide_411.jpg,cancer_data/1/slide_411.json,1
cancer_data/1/slide_412.jpg,cancer_data/1/slide_412.json,1
cancer_data/1/slide_413.jpg,cancer_data/1/slide_413.json,1
cancer_data/1/slide_414.jpg,cancer_data/1/slide_414.json,1
cancer_data/1/slide_415.jpg,cancer_data/1/slide_415.json,1
cancer_data/1/slide_416.jpg,cancer_data/1/slide_416.json,1
cancer_data/1/slide_417.jpg,cancer_data/1/slide_417.json,1
cancer_data/1/slide_418.jpg,cancer_data/1/slide_418.json,1
cancer_data/1/slide_419.jpg,cancer_data/1/slide_419.json,1
cancer_data/1/slide_420.jpg,cancer_data/1/slide_420.json,1
cancer_data/1/slide_421.jpg,cancer_data/1/slide_421.json,1
cancer_data/1/slide_422.jpg,cancer_data/1/slide_422.json,1
cancer_data/1/slide_423.jpg,cancer_data/1/slide_423.json,1
cancer_data/1/slide_424.jpg,cancer_data/1/slide_424.json,1
cancer_data/1/slide_425.jpg,cancer_data/1/slide_425.json,1
cancer_data/1/slide_426.jpg,cancer_data/1/slide_426.json,1
cancer_data/1/slide_427.jpg,cancer_data/1/slide_427.json,1
cancer_data/1/slide_428.jpg,cancer_data/1/slide_428.json,1
cancer_data/1/slide_429.jpg,cancer_data/1/slide_429.json,1
cancer_data/1/slide_430.jpg,cancer_data/1/slide_430.json,1
cancer_data/1/slide_431.jpg,cancer_data/1/slide_431.json,1
cancer_data/1/slide_432.jpg,cancer_data/1/slide_432.json,1
cancer_data/1/slide_433.jpg,cancer_data/1/slide_433.json,1
cancer_data/1/slide_434.jpg,cancer_data/1/slide_434.json,1
cancer_data/1/slide_435.jpg,cancer_data/1/slide_435.json,1
cancer_data/1/slide_436.jpg,cancer_data/1/slide_436.json,1
cancer_data/1/slide_437.jpg,cancer_data/1/slide_437.json,1
cancer_data/1/slide_438.jpg,cancer_data/1/slide_438.json,1
cancer_data/1/slide_439.jpg,cancer_data/1/slide_439.json,1
cancer_data/1/slide_440.jpg,cancer_data/1/slide_440.json,1
cancer_data/1/slide_441.jpg,cancer_data/1/slide_441.json,1
cancer_data/1/slide_442.jpg,cancer_data/1/slide_442.json,1
cancer_data/1/slide_443.jpg,cancer_data/1/slide_443.json,1
cancer_data/1/slide_444.jpg,cancer_data/1/slide_444.json,1
cancer_data/1/slide_445.jpg,cancer_data/1/slide_445.json,1
cancer_data/1/slide_446.jpg,cancer_data/1/slide_446.json,1
cancer_data/1/slide_447.jpg,cancer_data/1/slide_447.json,1
cancer_data/1/slide_448.jpg,cancer_data/1/slide_448.json,1
cancer_data/1/slide_449.jpg,cancer_data/1/slide_449.json,1
cancer_data/1/slide_450.jpg,cancer_data/1/slide_450.json,1
cancer_data/1/slide_451.jpg,cancer_data/1/slide_451.json,1
cancer_data/1/slide_452.jpg,cancer_data/1/slide_452.json,1
cancer_data/1/slide_453.jpg,cancer_data/1/slide_453.json,1
cancer_data/1/slide_454.jpg,cancer_data/1/slide_454.json,1
cancer_data/1/slide_455.jpg,cancer_data/1/slide_455.json,1
cancer_data/1/slide_456.jpg,cancer_data/1/slide_456.json,1
cancer_data/1/slide_457.jpg,cancer_data/1/slide_457.json,1
cancer_data/1/slide_458.jpg,cancer_data/1/slide_458.json,1
cancer_data/1/slide_459.jpg,cancer_data/1/slide_459.json,1
cancer_data/1/slide_460.jpg,cancer_data/1/slide_460.json,1
cancer_data/1/slide_461.jpg,cancer_data/1/slide_461.json,1
cancer_data/1/slide_462.jpg,cancer_data/1/slide_462.json,1
cancer_data/1/slide_463.jpg,cancer_data/1/slide_463.json,1
cancer_data/1/slide_464.jpg,cancer_data/1/slide_464.json,1
cancer_data/1/slide_465.jpg,cancer_data/1/slide_465.json,1
cancer_data/1/slide_466.jpg,cancer_data/1/slide_466.json,1
cancer_data/1/slide_467.jpg,cancer_data/1/slide_467.json,1
cancer_data/1/slide_468.jpg,cancer_data/1/slide_468.json,1
cancer_data/1/slide_469.jpg,cancer_data/1/slide_469.json,1
cancer_data/1/slide_470.jpg,cancer_data/1/slide_470.json,1
cancer_data/1/slide_471.jpg,cancer_data/1/slide_471.json,1
cancer_data/1/slide_472.jpg,cancer_data/1/slide_472.json,1
cancer_data/1/slide_473.jpg,cancer_data/1/slide_473.json,1
cancer_data/1/slide_474.jpg,cancer_data/1/slide_474.json,1
cancer_data/1/slide_475.jpg,cancer_data/1/slide_475.json,1
cancer_data/1/slide_476.jpg,cancer_data/1/slide_476.json,1
cancer_data/1/slide_477.jpg,cancer_data/1/slide_477.json,1
cancer_data/1/slide_478.jpg,cancer_data/1/slide_478.json,1
cancer_data/1/slide_479.jpg,cancer_data/1/slide_479.json,1
cancer_data/1/slide_480.jpg,cancer_data/1/slide_480.json,1
cancer_data/1/slide_481.jpg,cancer_data/1/slide_481.json,1
cancer_data/1/slide_482.jpg,cancer_data/1/slide_482.json,1
cancer_data/1/slide_483.jpg,cancer_data/1/slide_483.json,1
cancer_data/1/slide_484.jpg,cancer_data/1/slide_484.json,1
cancer_data/1/slide_485.jpg,cancer_data/1/slide_485.json,1
cancer_data/1/slide_486.jpg,cancer_data/1/slide_486.json,1
cancer_data/1/slide_487.jpg,cancer_data/1/slide_487.json,1
cancer_data/1/slide_488.jpg,cancer_data/1/slide_488.json,1
cancer_data/1/slide_489.jpg,cancer_data/1/slide_489.json,1
cancer_data/1/slide_490.jpg,cancer_data/1/slide_490.json,1
cancer_data/1/slide_491.jpg,cancer_data/1/slide_491.json,1
cancer_data/1/slide_492.jpg,cancer_data/1/slide_492.json,1
cancer_data/1/slide_493.jpg,cancer_data/1/slide_493.json,1
cancer_data/1/slide_494.jpg,cancer_data/1/slide_494.json,1
cancer_data/1/slide_495.jpg,cancer_data/1/slide_495.json,1
cancer_data/1/slide_496.jpg,cancer_data/1/slide_496.json,1
cancer_data/1/slide_497.jpg,cancer_data/1/slide_497.json,1
cancer_data/1/slide_498.jpg,cancer_data/1/slide_498.json,1
cancer_data/1/slide_499.jpg,cancer_data/1/slide_499.json,1
cancer_data/1/slide_500.jpg,cancer_data/1/slide_500.json,1
cancer_data/1/slide_501.jpg,cancer_data/1/slide_501.json,1
cancer_data/1/slide_502.jpg,cancer_data/1/slide_502.json,1
cancer_data/1/slide_503.jpg,cancer_data/1/slide_503.json,1
cancer_data/1/slide_504.jpg,cancer_data/1/slide_504.json,1
cancer_data/1/slide_505.jpg,cancer_data/1/slide_505.json,1
cancer_data/1/slide_506.jpg,cancer_data/1/slide_506.json,1
cancer_data/1/slide_507.jpg,cancer_data/1/slide_507.json,1
cancer_data/1/slide_508.jpg,cancer_data/1/slide_508.json,1
cancer_data/1/slide_509.jpg,cancer_data/1/slide_509.json,1
cancer_data/1/slide_510.jpg,cancer_data/1/slide_510.json,1
cancer_data/1/slide_511.jpg,cancer_data/1/slide_511.json,1
cancer_data/1/slide_512.jpg,cancer_data/1/slide_512.json,1
cancer_data/1/slide_513.jpg,cancer_data/1/slide_513.json,1
cancer_data/1/slide_514.jpg,cancer_data/1/slide_514.json,1
cancer_data/1/slide_515.jpg,cancer_data/1/slide_515.json,1
cancer_data/1/slide_516.jpg,cancer_data/1/slide_516.json,1
cancer_data/1/slide_517.jpg,cancer_data/1/slide_517.json,1
cancer_data/1/slide_518.jpg,cancer_data/1/slide_518.json,1
cancer_data/1/slide_519.jpg,cancer_data/1/slide_519.json,1
cancer_data/1/slide_520.jpg,cancer_data/1/slide_520.json,1
cancer_data/1/slide_521.jpg,cancer_data/1/slide_521.json,1
cancer_data/1/slide_522.jpg,cancer_data/1/slide_522.json,1
cancer_data/1/slide_523.jpg,cancer_data/1/slide_523.json,1
cancer_data/1/slide_524.jpg,cancer_data/1/slide_524.json,1
cancer_data/1/slide_525.jpg,cancer_data/1/slide_525.json,1
cancer_data/1/slide_526.jpg,cancer_data/1/slide_526.json,1
cancer_data/1/slide_527.jpg,cancer_data/1/slide_527.json,1
cancer_data/1/slide_528.jpg,cancer_data/1/slide_528.json,1
cancer_data/1/slide_529.jpg,cancer_data/1/slide_529.json,1
cancer_data/1/slide_530.jpg,cancer_data/1/slide_530.json,1
cancer_data/1/slide_531.jpg,cancer_data/1/slide_531.json,1
cancer_data/1/slide_532.jpg,cancer_data/1/slide_532.json,1
cancer_data/1/slide_533.jpg,cancer_data/1/slide_533.json,1
cancer_data/1/slide_534.jpg,cancer_data/1/slide_534.json,1
cancer_data/1/slide_535.jpg,cancer_data/1/slide_535.json,1
cancer_data/1/slide_536.jpg,cancer_data/1/slide_536.json,1
cancer_data/1/slide_537.jpg,cancer_data/1/slide_537.json,1
cancer_data/1/slide_538.jpg,cancer_data/1/slide_538.json,1
cancer_data/1/slide_539.jpg,cancer_data/1/slide_539.json,1
cancer_data/1/slide_540.jpg,cancer_data/1/slide_540.json,1
cancer_data/1/slide_541.jpg,cancer_data/1/slide_541.json,1
cancer_data/1/slide_542.jpg,cancer_data/1/slide_542.json,1
cancer_data/1/slide_543.jpg,cancer_data/1/slide_543.json,1
cancer_data/1/slide_544.jpg,cancer_data/1/slide_544.json,1
cancer_data/1/slide_545.jpg,cancer_data/1/slide_545.json,1
cancer_data/1/slide_546.jpg,cancer_data/1/slide_546.json,1
cancer_data/1/slide_547.jpg,cancer_data/1/slide_547.json,1
cancer_data/1/slide_548.jpg,cancer_data/1/slide_548.json,1
cancer_data/1/slide_549.jpg,cancer_data/1/slide_549.json,1
cancer_data/1/slide_550.jpg,cancer_data/1/slide_550.json,1
cancer_data/1/slide_551.jpg,cancer_data/1/slide_551.json,1
cancer_data/1/slide_552.jpg,cancer_data/1/slide_552.json,1
cancer_data/1/slide_553.jpg,cancer_data/1/slide_553.json,1
cancer_data/1/slide_554.jpg,cancer_data/1/slide_554.json,1
cancer_data/1/slide_555.jpg,cancer_data/1/slide_555.json,1
cancer_data/1/slide_556.jpg,cancer_data/1/slide_556.json,1
cancer_data/1/slide_557.jpg,cancer_data/1/slide_557.json,1
cancer_data/1/slide_558.jpg,cancer_data/1/slide_558.json,1
cancer_data/1/slide_559.jpg,cancer_data/1/slide_559.json,1
cancer_data/1/slide_560.jpg,cancer_data/1/slide_560.json,1
cancer_data/1/slide_561.jpg,cancer_data/1/slide_561.json,1
cancer_data/1/slide_562.jpg,cancer_data/1/slide_562.json,1
cancer_data/1/slide_563.jpg,cancer_data/1/slide_563.json,1
cancer_data/1/slide_564.jpg,cancer_data/1/slide_564.json,1
cancer_data/1/slide_565.jpg,cancer_data/1/slide_565.json,1
cancer_data/1/slide_566.jpg,cancer_data/1/slide_566.json,1
cancer_data/1/slide_567.jpg,cancer_data/1/slide_567.json,1
cancer_data/1/slide_568.jpg,cancer_data/1/slide_568.json,1
cancer_data/1/slide_569.jpg,cancer_data/1/slide_569.json,1
cancer_data/1/slide_570.jpg,cancer_data/1/slide_570.json,1
cancer_data/1/slide_571.jpg,cancer_data/1/slide_571.json,1
cancer_data/1/slide_572.jpg,cancer_data/1/slide_572.json,1
cancer_data/1/slide_573.jpg,cancer_data/1/slide_573.json,1
cancer_data/1/slide_574.jpg,cancer_data/1/slide_574.json,1
cancer_data/1/slide_575.jpg,cancer_data/1/slide_575.json,1
cancer_data/1/slide_576.jpg,cancer_data/1/slide_576.json,1
cancer_data/1/slide_577.jpg,cancer_data/1/slide_577.json,1
cancer_data/1/slide_578.jpg,cancer_data/1/slide_578.json,1
cancer_data/1/slide_579.jpg,cancer_data/1/slide_579.json,1
cancer_data/1/slide_580.jpg,cancer_data/1/slide_580.json,1
cancer_data/1/slide_581.jpg,cancer_data/1/slide_581.json,1
cancer_data/1/slide_582.jpg,cancer_data/1/slide_582.json,1
cancer_data/1/slide_583.jpg,cancer_data/1/slide_583.json,1
cancer_data/1/slide_584.jpg,cancer_data/1/slide_584.json,1
cancer_data/1/slide_585.jpg,cancer_data/1/slide_585.json,1
cancer_data/1/slide_586.jpg,cancer_data/1/slide_586.json,1
cancer_data/1/slide_587.jpg,cancer_data/1/slide_587.json,1
cancer_data/1/slide_588.jpg,cancer_data/1/slide_588.json,1
cancer_data/1/slide_589.jpg,cancer_data/1/slide_589.json,1
cancer_data/1/slide_590.jpg,cancer_data/1/slide_590.json,1
cancer_data/1/slide_591.jpg,cancer_data/1/slide_591.json,1
cancer_data/1/slide_592.jpg,cancer_data/1/slide_592.json,1
cancer_data/1/slide_593.jpg,cancer_data/1/slide_593.json,1
cancer_data/1/slide_594.jpg,cancer_data/1/slide_594.json,1
cancer_data/1/slide_595.jpg,cancer_data/1/slide_595.json,1
cancer_data/1/slide_596.jpg,cancer_data/1/slide_596.json,1
cancer_data/1/slide_597.jpg,cancer_data/1/slide_597.json,1
cancer_data/1/slide_598.jpg,cancer_data/1/slide_598.json,1
cancer_data/1/slide_599.jpg,cancer_data/1/slide_599.json,1
cancer_data/1/slide_600.jpg,cancer_data/1/slide_600.json,1
cancer_data/1/slide_601.jpg,cancer_data/1/slide_601.json,1
cancer_data/1/slide_602.jpg,cancer_data/1/slide_602.json,1
cancer_data/1/slide_603.jpg,cancer_data/1/slide_603.json,1
cancer_data/1/slide_604.jpg,cancer_data/1/slide_604.json,1
cancer_data/1/slide_605.jpg,cancer_data/1/slide_605.json,1
cancer_data/1/slide_606.jpg,cancer_data/1/slide_606.json,1
cancer_data/1/slide_607.jpg,cancer_data/1/slide_607.json,1
cancer_data/1/slide_608.jpg,cancer_data/1/slide_608.json,1
cancer_data/1/slide_609.jpg,cancer_data/1/slide_609.json,1
cancer_data/1/slide_610.jpg,cancer_data/1/slide_610.json,1
cancer_data/1/slide_611.jpg,cancer_data/1/slide_611.json,1
cancer_data/1/slide_612.jpg,cancer_data/1/slide_612.json,1
cancer_data/1/slide_613.jpg,cancer_data/1/slide_613.json,1
cancer_data/1/slide_614.jpg,cancer_data/1/slide_614.json,1
cancer_data/1/slide_615.jpg,cancer_data/1/slide_615.json,1
cancer_data/1/slide_616.jpg,cancer_data/1/slide_616.json,1
cancer_data/1/slide_617.jpg,cancer_data/1/slide_617.json,1
cancer_data/1/slide_618.jpg,cancer_data/1/slide_618.json,1
cancer_data/1/slide_619.jpg,cancer_data/1/slide_619.json,1
cancer_data/1/slide_620.jpg,cancer_data/1/slide_620.json,1
cancer_data/1/slide_621.jpg,cancer_data/1/slide_621.json,1
cancer_data/1/slide_622.jpg,cancer_data/1/slide_622.json,1
cancer_data/1/slide_623.jpg,cancer_data/1/slide_623.json,1
cancer_data/1/slide_624.jpg,cancer_data/1/slide_624.json,1
cancer_data/1/slide_625.jpg,cancer_data/1/slide_625.json,1
cancer_data/1/slide_626.jpg,cancer_data/1/slide_626.json,1
cancer_data/1/slide_627.jpg,cancer_data/1/slide_627.json,1
cancer_data/1/slide_628.jpg,cancer_data/1/slide_628.json,1
cancer_data/1/slide_629.jpg,cancer_data/1/slide_629.json,1
cancer_data/1/slide_630.jpg,cancer_data/1/slide_630.json,1
cancer_data/1/slide_631.jpg,cancer_data/1/slide_631.json,1
cancer_data/1/slide_632.jpg,cancer_data/1/slide_632.json,1
cancer_data/1/slide_633.jpg,cancer_data/1/slide_633.json,1
cancer_data/1/slide_634.jpg,cancer_data/1/slide_634.json,1
cancer_data/1/slide_635.jpg,cancer_data/1/slide_635.json,1
cancer_data/1/slide_636.jpg,cancer_data/1/slide_636.json,1
cancer_data/1/slide_637.jpg,cancer_data/1/slide_637.json,1
cancer_data/1/slide_638.jpg,cancer_data/1/slide_638.json,1
cancer_data/1/slide_639.jpg,cancer_data/1/slide_639.json,1
cancer_data/1/slide_640.jpg,cancer_data/1/slide_640.json,1
cancer_data/1/slide_641.jpg,cancer_data/1/slide_641.json,1
cancer_data/1/slide_642.jpg,cancer_data/1/slide_642.json,1
cancer_data/1/slide_643.jpg,cancer_data/1/slide_643.json,1
cancer_data/1/slide_644.jpg,cancer_data/1/slide_644.json,1
cancer_data/1/slide_645.jpg,cancer_data/1/slide_645.json,1
cancer_data/1/slide_646.jpg,cancer_data/1/slide_646.json,1
cancer_data/1/slide_647.jpg,cancer_data/1/slide_647.json,1
cancer_data/1/slide_648.jpg,cancer_data/1/slide_648.json,1
cancer_data/1/slide_649.jpg,cancer_data/1/slide_649.json,1
cancer_data/1/slide_650.jpg,cancer_data/1/slide_650.json,1
cancer_data/1/slide_651.jpg,cancer_data/1/slide_651.json,1
cancer_data/1/slide_652.jpg,cancer_data/1/slide_652.json,1
cancer_data/1/slide_653.jpg,cancer_data/1/slide_653.json,1
cancer_data/1/slide_654.jpg,cancer_data/1/slide_654.json,1
cancer_data/1/slide_655.jpg,cancer_data/1/slide_655.json,1
cancer_data/1/slide_656.jpg,cancer_data/1/slide_656.json,1
cancer_data/1/slide_657.jpg,cancer_data/1/slide_657.json,1
cancer_data/1/slide_658.jpg,cancer_data/1/slide_658.json,1
cancer_data/1/slide_659.jpg,cancer_data/1/slide_659.json,1
cancer_data/1/slide_660.jpg,cancer_data/1/slide_660.json,1
cancer_data/1/slide_661.jpg,cancer_data/1/slide_661.json,1
cancer_data/1/slide_662.jpg,cancer_data/1/slide_662.json,1
cancer_data/1/slide_663.jpg,cancer_data/1/slide_663.json,1
cancer_data/1/slide_664.jpg,cancer_data/1/slide_664.json,1
cancer_data/1/slide_665.jpg,cancer_data/1/slide_665.json,1
cancer_data/1/slide_666.jpg,cancer_data/1/slide_666.json,1
cancer_data/1/slide_667.jpg,cancer_data/1/slide_667.json,1
cancer_data/1/slide_668.jpg,cancer_data/1/slide_668.json,1
cancer_data/1/slide_669.jpg,cancer_data/1/slide_669.json,1
cancer_data/1/slide_670.jpg,cancer_data/1/slide_670.json,1
cancer_data/1/slide_671.jpg,cancer_data/1/slide_671.json,1
cancer_data/1/slide_672.jpg,cancer_data/1/slide_672.json,1
cancer_data/1/slide_673.jpg,cancer_data/1/slide_673.json,1
cancer_data/1/slide_674.jpg,cancer_data/1/slide_674.json,1
cancer_data/1/slide_675.jpg,cancer_data/1/slide_675.json,1
cancer_data/1/slide_676.jpg,cancer_data/1/slide_676.json,1
cancer_data/1/slide_677.jpg,cancer_data/1/slide_677.json,1
cancer_data/1/slide_678.jpg,cancer_data/1/slide_678.json,1
cancer_data/1/slide_679.jpg,cancer_data/1/slide_679.json,1
cancer_data/1/slide_680.jpg,cancer_data/1/slide_680.json,1
cancer_data/1/slide_681.jpg,cancer_data/1/slide_681.json,1
cancer_data/1/slide_682.jpg,cancer_data/1/slide_682.json,1
cancer_data/1/slide_683.jpg,cancer_data/1/slide_683.json,1
cancer_data/1/slide_684.jpg,cancer_data/1/slide_684.json,1
cancer_data/1/slide_685.jpg,cancer_data/1/slide_685.json,1
cancer_data/1/slide_686.jpg,cancer_data/1/slide_686.json,1
cancer_data/1/slide_687.jpg,cancer_data/1/slide_687.json,1
cancer_data/1/slide_688.jpg,cancer_data/1/slide_688.json,1
cancer_data/1/slide_689.jpg,cancer_data/1/slide_689.json,1
cancer_data/1/slide_690.jpg,cancer_data/1/slide_690.json,1
cancer_data/1/slide_691.jpg,cancer_data/1/slide_691.json,1
cancer_data/1/slide_692.jpg,cancer_data/1/slide_692.json,1
cancer_data/1/slide_693.jpg,cancer_data/1/slide_693.json,1
cancer_data/1/slide_694.jpg,cancer_data/1/slide_694.json,1
cancer_data/1/slide_695.jpg,cancer_data/1/slide_695.json,1
cancer_data/1/slide_696.jpg,cancer_data/1/slide_696.json,1
cancer_data/1/slide_697.jpg,cancer_data/1/slide_697.json,1
cancer_data/1/slide_698.jpg,cancer_data/1/slide_698.json,1
cancer_data/1/slide_699.jpg,cancer_data/1/slide_699.json,1
cancer_data/1/slide_700.jpg,cancer_data/1/slide_700.json,1
cancer_data/1/slide_701.jpg,cancer_data/1/slide_701.json,1
cancer_data/1/slide_702.jpg,cancer_data/1/slide_702.json,1
cancer_data/1/slide_703.jpg,cancer_data/1/slide_703.json,1
cancer_data/1/slide_704.jpg,cancer_data/1/slide_704.json,1
cancer_data/1/slide_705.jpg,cancer_data/1/slide_705.json,1
cancer_data/1/slide_706.jpg,cancer_data/1/slide_706.json,1
cancer_data/1/slide_707.jpg,cancer_data/1/slide_707.json,1
cancer_data/1/slide_708.jpg,cancer_data/1/slide_708.json,1
cancer_data/1/slide_709.jpg,cancer_data/1/slide_709.json,1
cancer_data/1/slide_710.jpg,cancer_data/1/slide_710.json,1
cancer_data/1/slide_711.jpg,cancer_data/1/slide_711.json,1
cancer_data/1/slide_712.jpg,cancer_data/1/slide_712.json,1
cancer_data/1/slide_713.jpg,cancer_data/1/slide_713.json,1
cancer_data/1/slide_714.jpg,cancer_data/1/slide_714.json,1
cancer_data/1/slide_715.jpg,cancer_data/1/slide_715.json,1
cancer_data/1/slide_716.jpg,cancer_data/1/slide_716.json,1
cancer_data/1/slide_717.jpg,cancer_data/1/slide_717.json,1
cancer_data/1/slide_718.jpg,cancer_data/1/slide_718.json,1
cancer_data/1/slide_719.jpg,cancer_data/1/slide_719.json,1
cancer_data/1/slide_720.jpg,cancer_data/1/slide_720.json,1
cancer_data/1/slide_721.jpg,cancer_data/1/slide_721.json,1
cancer_data/1/slide_722.jpg,cancer_data/1/slide_722.json,1
